id,area,capability,category,old_entry,backend_api,v2_location,test_ids,status,source,note
C-001,清单,浏览并选中 Excel 真表，选完即载入（不用再点一次加载）,保留,MW.on_browse,excel_model.load_workbook,,,待落点,清单§1; 清单§5-1; gui:on_browse,
C-002,清单,重新载入当前路径的 Excel（表改了不用重启）,保留,MW.on_load,excel_model.load_workbook,,,待落点,清单§1; 清单§5-1; gui:on_load,
C-003,清单,开工具时自动把上次那张表载进来,保留,gui.main + _load_last_excel/_save_last_excel,excel_model.load_workbook,,,待落点,gui:main; gui:_load_last_excel,文档没写代码里有：清单§5-1 写的是「记住上次路径但不自动加载」，实际 main() 会 on_load()
C-004,清单,命令行带一个 .xlsx 启动，直接载入这张表,保留,gui.main（sys.argv 首个存在的文件）,excel_model.load_workbook,,,待落点,gui:main,文档没写代码里有：同事发一张表过来，命令行直接开就能看，不用再走浏览；换入口时最容易漏掉
C-005,清单,表读不进来时弹一句人话报错，工具不退出,保留,MW.on_load（QMessageBox.critical「加载失败」）,excel_model.load_workbook,,,待落点,清单§3; gui:on_load,
C-006,清单,载完在状态栏报：信号总数、logic/mux 各几条、几条非 clean、tmm/regmap 字段数、Topout 要验几个,保留,MW.on_load（status.showMessage）,excel_model.load_workbook,,,待落点,gui:on_load,文档没写代码里有：工程师判断『这张表读全了没』的唯一依据——logic/mux 条数、非 clean 个数、字段数对不上就是表有问题
C-007,清单,单个信号解析炸了不连累整张表，那一行标『解析异常』并留住 error 全文,保留,MW.on_load / MW._reanalyze_all（逐信号 try）,generator.analyze_signal / generator.analyze_mux_group,,,待落点,gui:on_load; gui:_reanalyze_all,文档没写代码里有：211 个信号里坏 1 个不能让其余 210 个看不成；error 全文是排查这一个的唯一线索
C-008,清单,要验信号清单 10 列：勾选/反例/信号名/断言号/owner/分类/逻辑类型/状态/探针前缀/用例数,保留,SV._populate_table（TOPO_HEADERS）,topout.topout_view_models,,,待落点,方案§4.1; Design§10; 清单§1; gui:_populate_table,
C-009,清单,信号名列带位宽切片显示（如 d_bt_lp_lna_itrim[3:0]），查找仍按裸名,保留,SV._populate_table（m['disp']）,topout.topout_view_models,,,待落点,gui:_populate_table,文档没写代码里有：位宽是 IC 工程师认信号的一半信息：d_xxx 和 d_xxx[3:0] 是两种验法
C-010,清单,断言号列 + 悬停说明「仿真 log 报 assert_<号>_T<n> 时按它回查本信号」,保留,SV._populate_table（TOPO_AID tooltip）,topout.topout_view_models,,,待落点,方案§4.1; gui:_populate_table,
C-011,清单,owner 列,保留,SV._populate_table（TOPO_OWNER）,topout.topout_view_models,,,待落点,方案§4.1; Design§10,
C-012,清单,分类列（选路/logic · mux · 直连寄存器 · RO回读(跳过) · 未解析）,保留,SV._populate_table（TOPO_KIND_LABEL）,topout.topout_view_models,,,待落点,方案§4.1; 清单§1,
C-013,清单,逻辑类型列（展开后表达式形态 F0–F4），覆盖度按它派发,保留,SV._populate_table（TOPO_FORM / m['form_label']）,topout.topout_view_models,,,待落点,方案§4.1; 清单§1,
C-014,清单,状态列 4 档（✅可建 / ↷跳过(RO) / ✗未解析 / ✗error）带颜色,保留,SV._populate_table（TOPO_STATUS_LABEL/COLOR）,topout.topout_view_models,,,待落点,方案§4.1; 清单§1,
C-015,清单,有问题的信号状态列变橙、悬停列出全部问题原因,保留,SV._populate_table（m['issues'] tooltip）,topout.topout_view_models,,,待落点,审计B; gui:_populate_table,
C-016,清单,状态 8 档逐档解释（clean / wire兜底 / 未解析 / 解析错 / 规格冲突 / 输入缺前缀·跳过 / 输出裸名·已生成 / 字段太窄·假绿）,保留,MW._populate_table（STATUS_HELP，legacy 状态列 tooltip）,generator.analyze_signal,,,待落点,方案§4.1; Design§10; 审计B; 清单§6; gui:STATUS_HELP,
C-017,清单,探针前缀列：显示该信号断言探针配的层级前缀，蓝色=已配,保留,SV._populate_table（TOPO_PREFIX）,topout.topout_view_models,,,待落点,方案§4.1; 审计B,
C-018,清单,探针前缀列悬停给出探针网真名 + 断言完整路径（配了/没配两种文案）,保留,SV._populate_table（TOPO_PREFIX tooltip）,topout.topout_view_models,,,待落点,审计B; gui:_populate_table,
C-019,清单,探针前缀列标出『探针口=xxx (level_shift)』——探针网名经 level_shift 页自动解析，无需手配,保留,MW._prefix_cell,generator.probe_prefix_for,,,待落点,gui:_prefix_cell,文档没写代码里有：这是第三种前缀来源，与手配前缀、输入侧前缀并列
C-020,清单,探针前缀列标出输入侧命中：『<输入名>→<前缀>』——某根 force 输入的路径带前缀,保留,MW._prefix_cell（found_in=='prefixed-wire'）,resolver.Resolver,,,待落点,gui:_prefix_cell,文档没写代码里有：『前缀配了但配在输入侧还是输出侧』只能从这里看出来，配错了要到仿真才报错
C-021,清单,用例数列（本信号会产出几条测试）,保留,SV._populate_table（TOPO_NTEST）,topout.topout_view_models,,,待落点,方案§4.1; Design§10,
C-022,清单,逐信号勾选（决定哪些信号进导出/预览）,保留,SV._checked_names / SV._on_sig_item_changed,topout.render_topout_sv(only=),,,待落点,方案§4.1; Design§10,
C-023,清单,逐信号反例勾选（给该信号加 1 条故意填错的自检用例）,保留,SV._toggle_signal_negative,vectors.make_negative / vectors.add_negatives,,,待落点,方案§4.1; Design§10,
C-024,清单,按 owner 多选筛（勾多个=任一命中即显示；不勾=全部）,保留,SV._rebuild_owner_menu / SV._on_owner_toggled（_CheckableMenu）,topout.topout_view_models,,,待落点,方案§4.1; Design§10; 审计B,
C-025,清单,owner 下拉里『（无 owner）』单列一项并带条数,保留,MW._rebuild_owner_menu（NO_OWNER）,—,,,待落点,gui:_rebuild_owner_menu,文档没写代码里有：Excel owner 列留空的信号最容易没人认领；不单列出来就永远筛不到它们
C-026,清单,owner 按钮文字随已选个数变化，悬停列全部已选 owner,保留,MW._update_owner_btn_text,—,,,待落点,gui:_update_owner_btn_text,文档没写代码里有：多选筛之后『我现在筛的是谁』要一眼能确认，否则会把筛剩的一部分当全量导出
C-027,清单,换表后自动丢掉新表里已不存在的 owner 选项（不留死项、计数不虚高）,保留,SV._rebuild_owner_menu / MW._rebuild_owner_menu,—,,,待落点,gui:_rebuild_owner_menu,文档没写代码里有：不清就留死项、按钮计数虚高，用户以为筛到了、实际筛空
C-028,清单,按分类筛（下拉只列本表真有的分类）,保留,SV._rebuild_kind_combo / SV._apply_filter,topout.topout_view_models,,,待落点,方案§4.1; Design§10,
C-029,清单,按状态筛（全部 / 仅可建 / 仅有问题）,保留,SV._apply_filter（status_combo）,topout.topout_view_models,,,待落点,方案§4.1; Design§10; 审计B,
C-030,清单,正则搜索：同时匹配信号名、断言号、表达式、输入信号名,保留,SV._apply_filter（search）,topout.topout_view_models,,,待落点,方案§4.1; Design§10; 审计B,
C-031,清单,搜索/筛选后状态栏报『可见 N / 共 M』，并单独点出有几个是因为输入信号名命中才列出来的,保留,MW.apply_filter（n_by_input）,—,,,待落点,gui:apply_filter,文档没写代码里有：搜输入网名时『这一行为什么会出现』是关键反馈，否则看着像搜错了
C-032,清单,全选所有可见信号,保留,SV._check_all(True),—,,,待落点,方案§4.1; Design§10,
C-033,清单,清空全部勾选,保留,SV._check_all(False),—,,,待落点,方案§4.1; Design§10,
C-034,清单,把表里框选/Ctrl 多选的行一次勾上,保留,SV._check_selected / MW.on_check_selected_rows,—,,,待落点,方案§4.1; Design§10; 审计B,
C-035,清单,一键给一批信号各加 1 条反例（有勾选只作用勾选，否则作用于全部可见）,保留,SV._bulk_neg(True) / MW.on_all_signals_neg(True),vectors.add_negatives,,,待落点,方案§4.1; Design§10; 审计B,
C-036,清单,一键清除一批信号的反例；含自定义命名/手填错值的先弹确认,保留,SV._bulk_neg(False) / MW.on_all_signals_neg(False) + MW._confirm_lose_named,—,,,待落点,方案§4.1; 审计A; gui:_confirm_lose_named,
C-037,清单,点表头按列排序（211 行按 owner / 用例数 / 状态排）,保留,MW.table.setSortingEnabled(True)（legacy 独有）,—,,,待落点,方案§4.1; Design§10; 审计B; 审计Top10-7,
C-038,清单,范围切换：全链 / 只看 logic 页 / mux 页 / dft 页 / iddq 页（页本地、不跨页）,合并,MainWindow.main_tabs 的 4 个 _PageProvider 子视图,pageviews.page_view_models / pageviews.PAGES,,,待落点,方案§4.1; 方案§4.3; Design§5-H1; Design§10,主控裁决: 按 Design§5-H1 归清单范围筛选
C-039,清单,RTL 补充逻辑信号在清单里琥珀高亮 + ⚠[RTL补充] 标记 + 悬停给理由,保留,MW._populate_table（_is_supplement 分支）,generator._logic_with_overrides,,,待落点,方案§4.1; Design§10; 审计B; 审计次要,
C-040,清单,嵌套 mux 被自动折叠过的信号，状态格加 ⚙ 标记、悬停给折叠全文,保留,MW._populate_table（normalized_note）,excel_model（normalized_note）,,,待落点,gui:_populate_table,文档没写代码里有：工具替 designer 做了折叠 = 改了对规格的理解，必须让 designer 能复核
C-041,清单,开了『缺前缀强制生成』后，状态列如实写成『⚠缺前缀·已强制生成』而不是『跳过』,保留,MW._populate_table（include_risky 分支）,generator.GenOptions(include_risky=),,,待落点,gui:_populate_table,文档没写代码里有：开了这个逃生阀之后，这批信号到底进没进 .sv 是两种完全不同的后果
C-042,清单,本表没有该页时给空态提示而不是空白表,保留,SV.refresh + provider.empty_hint / SV._guard,pageviews.page_available,,,待落点,gui:empty_hint,文档没写代码里有：『这张表没有 mux 页』和『mux 页读失败』是两回事，空白表分不出来
C-043,清单,分析整表出错时在详情区写『分析失败（已捕获，未崩）』并留住原因，界面不崩,保留,SV.refresh（except 分支）,topout.topout_view_models,,,待落点,gui:refresh,文档没写代码里有：『绝不崩』护栏的落点：崩一次用户就丢掉本次全部未存盘的操作
C-044,清单,刷新清单后自动选中第一个可见行（直接就能看到内容）,保留,SV.refresh 末尾,—,,,待落点,gui:refresh,文档没写代码里有：载完就能看到内容；空详情页会让人以为表没载成
C-045,清单,清单默认可见列必须包含『状态』和『用例』（现在 1600px 宽时它们在横滚条后面）,保留,"SV._build（split.setSizes([440,760])）",—,,,待落点,Design§8-7; 清单§2; 清单§7; 方案§1,
C-046,清单,清单里直接看到表达式（不必逐个点开）,保留,MW._populate_table（COL_EXPR，legacy 独有）,—,,,待拍板(默认=可选列、默认隐藏),计划§5-4; 审计B,待拍板 #4：默认=可选列、默认隐藏。
C-047,清单,按 Excel type 列筛（如只看喂 dft 的那一批）,合并,MW.apply_filter（type_combo，legacy 独有）,—,,,待拍板(默认=并入正则搜索),计划§5-4; 审计B; 审计次要,待拍板 #4：默认=并入正则搜索。支持按 _to_dft 这类目的地后缀匹配
C-048,清单,只看 top_output=1 的信号,删除,MW.apply_filter（self.top_only）,—,,,待落点,方案§4.4; 方案§5-2; 用户2026-06-23; 清单§1,
C-049,清单,清单列头直接写 Excel 列字母 R / K / top / type,删除,gui.HEADERS（legacy 列头）,—,,,待落点,方案§4.4; 方案§5-2; 用户2026-06-23; 清单§6,
C-050,详情,跨页展开链：每层两行（Excel 原式 / 字母代入真实信号名），①②③ 标层级,保留,SV._render_chain / MW._populate_chain,topout.analyze_signal（res.chain）,,,待落点,方案§4.1; Design§3-Q2; Design§10; 审计A,
C-051,详情,没有上游的单级 logic 信号，链区显示『原式 / 字母代入真名』并说明输入均为直连叶子,保留,SV._render_chain（kind=='logic' 分支）,pageviews.analyze_page_signal,,,待落点,gui:_render_chain,
C-052,详情,mux 信号链区显示 case 选路结构（控制值 → 选中的数据源）,保留,SV._render_chain（kind=='mux' 分支）,mux_gen.expand_mux_group,,,待落点,gui:_render_chain,
C-053,详情,直连寄存器信号链区说明『顶层口 == 该寄存器字段写值，无展开』,保留,SV._render_chain（kind=='register' 分支）,topout.analyze_signal,,,待落点,gui:_render_chain,
C-054,详情,不可建信号在链区直接写出状态与原因（不是空白）,保留,SV._render_chain（else 分支）,topout.analyze_signal（status/note/issues）,,,待落点,gui:_render_chain,
C-055,详情,详情头部一行摘要：信号名 / owner / 分类 / 状态 / 用例数 / 是否已自定义 / note / issues,保留,SV._render_head,topout.analyze_signal,,,待落点,gui:_render_head,
C-056,详情,『输入信号』表常驻：字母 → 信号(位宽) · 角色 · RO/RW · 驱动方式,保留,MW.ti_inputs + MW._populate_inputs（legacy 独有）,vectors.input_groups / resolver.Resolver.resolve,,,待落点,方案§4.1; Design§3-Q3; Design§10; 审计A; 审计Top10-1; 清单§7,
C-057,详情,输入表把 RO 写成 force ENV_RF.<网名>、RW 写成 RF_WRITE 0x<地址> bit<<<位>,保留,MW._binding_meta,sv_writer.compute_drives / resolver.Resolver,,,待落点,方案§4.1; Design§3-Q3; 审计A,
C-058,详情,输入表标出『⚠需探针前缀（内部衔接网，跑 scan_rtl 配前缀否则跳过）』,保留,MW._binding_meta（found_in in needs-prefix/mux-output）,resolver.Resolver,,,待落点,gui:_binding_meta,文档没写代码里有：解析到了但仍要配前缀——这是仿真报『找不到这根网』最常见的隐藏原因
C-059,详情,输入表的驱动列上色：未解析=红、需前缀=琥珀,保留,MW._populate_inputs / MW._populate_mux_inputs,—,,,待落点,gui:_populate_inputs,文档没写代码里有：一屏几十行输入里，哪根驱不动要能扫一眼看到，不能靠逐行读文字
C-060,详情,mux 信号的输入表按控制三来源细分角色（寄存器直出 / line路径 / local路径 / 模式位 / 经上游mux驱动 / 上游mux配方）,保留,MW._populate_mux_inputs + MW._mux_ctrl_rows,mux_gen.expand_mux_group（ctrl_drivers）,,,待落点,清单§1; gui:_mux_ctrl_rows,文档只写到『输入信号表』，没写 mux 版的三来源角色细分
C-061,详情,mux 输入表的数据寄存器按物理寄存器收拢（同一寄存器只显一行）并标『被哪个 case 选中』,保留,MW._populate_mux_inputs（seen_bases）,mux_gen.expand_mux_group（data_keys）,,,待落点,gui:_populate_mux_inputs,文档没写代码里有：死分支 / LUT 型同源多 case 会刷出十几行重复；收拢后才和 for_test 的 t0~t7 对得上
C-062,详情,输入表单列出 dft 页的 iddq 门（角色『DFT门(iddq)·每条测试驱透传值』）,保留,MW._dft_gate_input_row,generator.pin_dft_gate,,,待落点,gui:_dft_gate_input_row,文档没写代码里有：门在 dft 页、不在展开输入里；不单列出来，用户对照 for_test 会以为漏了一个源头控制
C-063,详情,每条测试列的 force / RF_WRITE 明细（列头与单元格悬停都给）,保留,MW._ti_render_col + MW._drive_strs,sv_writer.compute_drives,,,待落点,方案§4.1; Design§10; 审计A; 审计Top10-1,
C-064,详情,点信号看解析明细：逐字母 输入名 / 类型 / 来源 / 是否解析到 / 最终 net 名 / note,保留,MW.on_row_focus,generator.analyze_signal（inputs）,,,待落点,方案§4.1; Design§10; 审计B; 审计Top10-1,
C-065,详情,解析明细里把输入来源翻成中文（tmm命中 / regmap命中 / 级联前级 / 内部信号 / wire兜底 / 前缀wire / 自引用前级 / 需探针前缀 / 上游计算网）,保留,gui.FOUND_IN_LABEL（MW.on_row_focus 用）,resolver.Resolver（found_in）,,,待落点,计划§2-⑥; gui:FOUND_IN_LABEL,
C-066,详情,解析明细末尾给『仿真器找不到这根网』的排查提示（对比 force/输出 net 名是否真存在）,保留,MW.on_row_focus 末尾,—,,,待落点,方案§4.1; Design§3-Q6; 审计B,
C-067,详情,预览勾选集的 .sv（含真值表编辑，所见即所得）,保留,SV.on_preview / MW.on_preview,topout.render_topout_sv / generator.build + generator.render,,,待落点,方案§4.1; Design§10; 清单§1,
C-068,详情,预览本信号的 .sv 片段（不必取消其余 210 条勾选）,保留,MW.on_ti_preview_signal（legacy 独有）,sv_writer.render_signal_block,,,待落点,方案§4.1; Design§10; 审计A; 审计Top10-5,
C-069,详情,全量预览超过 600 行时截断并注明总行数（不卡界面）,保留,MW.on_preview（lines[:600]）,—,,,待落点,gui:on_preview,文档没写代码里有：211 信号全量预览是几万行，不截断界面直接卡死
C-070,详情,全量预览末尾追加本次会跳过哪些信号、各自缺哪根输入,保留,MW.on_preview 末尾 appendPlainText,generator.build（res['skipped']）,,,待落点,gui:on_preview,文档没写代码里有：预览阶段就点名跳过项，不必等导出完才发现少了信号
C-071,详情,本信号覆盖度下拉就在详情区（对着当前这一个信号调档）,保留,SV.sig_cov_combo / MW.sig_cov_combo,"topout.analyze_signal(mode=,exhaustive=)",,,待落点,方案§4.1; Design§10; 审计A,
C-072,详情,配置变更（前缀/级联/尾缀）后预览页自动按新配置重算，不留旧内容误导,保留,MW._refresh_preview（_preview_source）,—,,,待落点,gui:_refresh_preview,文档没写代码里有：留着按旧前缀算的预览，会让人得出『改了没生效』的错误结论
C-073,真值表编辑,真值表：行=输入信号 + auto_out + 期望，列=一条测试,保留,SV._populate_truth / MW._ti_populate,vectors.generate_vectors,,,待落点,方案§4.1; Design§3-Q2; Design§10,
C-074,真值表编辑,行表头直接写真实信号名（不写 A/B/C 字母），控制/选择位加粗,保留,MW._vheader_short / SV._populate_truth,vectors.input_groups,,,待落点,Design§8-5; 清单§7; gui:_vheader_short,
C-075,真值表编辑,行表头悬停给出『信号 = 表达式里的哪个字母 · 类型 · 位宽 · 控制位还是数据位』,保留,MW._ti_populate（verticalHeaderItem tooltip）,—,,,待落点,Design§8-5; gui:_ti_populate,
C-076,真值表编辑,输入行按 for_test 页的行序排（与报告/回填/截图同一口径）,保留,gui._order_groups_fortest / MW._load_test_items,generator.fortest_order_entries,,,待落点,gui:_order_groups_fortest,文档没写代码里有：m4 口径统一，避免编辑器与导出两套行序
C-077,真值表编辑,auto_out 行只读、斜体灰字，悬停说明『它来自表达式本身，拿它当期望有自证嫌疑』,保留,SV._populate_truth / MW._ti_populate,—,,,待落点,方案§4.1; Design§3-Q4; gui:_ti_populate,
C-078,真值表编辑,期望行可逐格手填，.sv 断言用它；留空则生成时用 auto_out 兜底,保留,SV._on_truth_item / MW.on_ti_item_changed,vectors.make_vector_from_base_values(designer_expected=),,,待落点,方案§4.1; Design§3-Q4; 方案§5-5,
C-079,真值表编辑,期望格状态色：绿=已填且与 auto 一致，红=已填但不一致，灰=未填，琥珀=反例，淡紫=iddq 自检拍，淡蓝=手编列,保留,SV._populate_truth（DSGN_BG/DIFF_BG/FB_FG/NEG_BG/DFT_BG/USER_BG）,—,,,待落点,计划§2-⑥; Design§11-4; gui:_populate_truth,
C-080,真值表编辑,改任一输入值 → auto_out 当场重算；已手填的期望不动,保留,SV._recompute_col / MW._recompute_row,vectors.make_vector_from_base_values,,,待落点,方案§4.1; Design§10,
C-081,真值表编辑,期望格清空 = 恢复未填状态（回到 auto_out 兜底）,保留,SV._on_truth_item（txt==''）/ MW.on_ti_item_changed,—,,,待落点,gui:_on_truth_item,
C-082,真值表编辑,8 种数值写法都认：16'h3 / 'b101 / 'd9 / hA / 0x3 / 0b101 / 十进制 / 裸 hex,保留,truth_edit.parse_int（SV._on_truth_item / MW._parse_int 共用）,truth_edit.parse_int,,,待落点,方案§4.1; Design§10; 审计A; 审计Top10-2,
C-083,真值表编辑,数值写法没认出来时状态栏说清楚并把这一格还原，绝不静默吞成 0 / 未填,保留,SV._parse_failed / MW.on_ti_item_changed（except ValueError）,truth_edit.parse_int,,,待落点,方案§4.1; 审计A; 审计Top10-2,
C-084,真值表编辑,单元格取值显示格式：1 位→0/1；2–4 位→0bXXXX 零填充；更宽→0xNN,保留,MW._cell_text,—,,,待落点,gui:_cell_text,文档没写代码里有：这个格式保证能被 parse_int 原样读回
C-085,真值表编辑,重新生成：丢弃本信号自定义，按当前覆盖度重出真值表,保留,SV._e_regen / MW.on_ti_regen,vectors.generate_vectors,,,待落点,方案§4.1; Design§10; 审计A,
C-086,真值表编辑,加一条正向测试列（输入全 0、auto_out 自动算、期望留空）,保留,SV._e_add / MW.on_ti_add,vectors.make_vector_from_base_values,,,待落点,方案§4.1; Design§10; 审计A,
C-087,真值表编辑,复制选中的测试列,保留,SV._e_copy / MW.on_ti_copy,vectors.clone_vector,,,待落点,方案§4.1; Design§10; 审计A,
C-088,真值表编辑,删除选中的测试列（支持多选）,保留,SV._e_del / MW.on_ti_del,—,,,待落点,方案§4.1; Design§10; 审计A,
C-089,真值表编辑,清零本信号=零用例（导出时本信号只记账不产断言）,保留,SV._e_clear / MW.on_ti_clear,topout.build_for_topout(edit_overrides=),,,待落点,方案§4.1; Design§10; 审计A,
C-090,真值表编辑,清零前弹确认框（说明后果、默认按钮=否）,保留,SV._confirm / MW.on_ti_clear,—,,,待落点,方案§4.1; 审计A; 审计Top10-6,
C-091,真值表编辑,给用户新增的列改名（双击列头或按钮）,保留,SV._e_rename / SV._e_rename_col / MW.on_ti_rename_col,truth_edit.check_col_name,,,待落点,方案§4.1; Design§10; 审计A,
C-092,真值表编辑,改名三道校验：非法字符清成下划线且不得为空 / 不许占 T<编号> 保留名 / 不得与其它列最终标号重名,保留,truth_edit.check_col_name（SV._e_rename_col / MW._ti_set_test_name 共用）,truth_edit.check_col_name,,,待落点,方案§4.1; 审计A; 审计Top10-4,
C-093,真值表编辑,自动生成的 T 列不许改名，点了给明确提示,保留,SV._e_rename_col / MW.on_ti_rename_col（user_added 判定）,—,,,待落点,gui:_e_rename_col,
C-094,真值表编辑,auto→期望：把 auto_out 一次填进所有未填的期望格，已填的不动,保留,SV._e_fill / MW.on_ti_fill_expected,—,,,待落点,方案§4.1; Design§10; 审计A,
C-095,真值表编辑,auto→期望前弹确认框，明说这等于放弃 designer 独立核对,保留,SV._e_fill / MW._confirm_fill_expected,—,,,待落点,方案§4.1; Design§3-Q4; 审计A; 审计Top10-6,
C-096,真值表编辑,给选中的正向列各加一条反例（未选则取首条正向）,保留,SV._e_addneg / MW.on_ti_add_neg_selected,truth_edit.plan_negatives / vectors.make_negative,,,待落点,方案§4.1; Design§10; 审计A,
C-097,真值表编辑,同一组输入取值已经有反例的跳过，不叠重复断言，并在状态栏报跳过几条,保留,truth_edit.plan_negatives（SV._add_negatives / MW.on_ti_add_neg_selected）,truth_edit.plan_negatives,,,待落点,方案§4.1; 审计A; 审计bug①,
C-098,真值表编辑,只对正向列造反例，不给反例列再套反例,保留,truth_edit.plan_negatives（all_positive 分支）,truth_edit.plan_negatives,,,待落点,审计bug①; 方案§3-轨0-1,
C-099,真值表编辑,新列名对全集唯一（含 T<n> 自动列与 _NEG 反例列，大小写无关），不产生重复 .sv 标号,保留,truth_edit.uniq_col_name（SV._new_col_name）,truth_edit.uniq_col_name,,,待落点,审计bug①; 方案§3-轨0-1,
C-100,真值表编辑,反例错值同时避开 auto_out 和 designer 手填期望两个『正确值』，防止反例静默 PASS,保留,SV._add_negatives（V.make_negative 防撞）,vectors.make_negative,,,待落点,gui:_add_negatives,文档没写代码里有：m6，~auto 恰等于手填期望时反例会变成 NEG-BROKEN
C-101,真值表编辑,每条正向用例各追加一条反例（全覆盖，用例数翻倍）,保留,SV._e_addneg_all / MW.on_ti_add_neg_all,vectors.add_negatives,,,待落点,方案§4.1; Design§10; 审计A,
C-102,真值表编辑,删除本信号全部反例、保留正向,保留,SV._e_delneg / MW.on_ti_del_neg,—,,,待落点,方案§4.1; Design§10; 审计A,
C-103,真值表编辑,删反例前，若有自定义命名或手填错值的反例先弹确认（那是用户的活）,保留,SV._protected_negatives + SV._e_delneg / MW.on_ti_del_neg,truth_edit.is_auto_neg_name,,,待落点,方案§4.1; 审计A; 审计Top10-6,
C-104,真值表编辑,反例期望被填成与正确值相同时，仍保住它的反例身份（记成 NEG-BROKEN，不静默退化成普通断言）,保留,SV._cols_to_vectors（is_negative 兜底）,vectors.make_vector_from_base_values,,,待落点,审计A; gui:_cols_to_vectors,
C-105,真值表编辑,mux 反例错值等于正确值时自动翻一位并在状态栏说明,保留,MW._on_mux_user_exp_changed,—,,,待落点,方案§4.1; 审计A,
C-106,真值表编辑,期望手填进度 N/M 显示在真值表头部,保留,MW._update_ti_header（fill_tag）/ MW._update_mux_header,—,,,待落点,方案§4.1; Design§3-Q4; Design§10; 审计A; 审计次要,
C-107,真值表编辑,当前测试列整列淡蓝高亮（30 列横滚时不丢『我在哪一列』）；反例列被选中时用更深的琥珀,保留,MW._ti_on_current_col + MW._ti_render_col（HL_BG / HL_NEG_BG）,—,,,待落点,方案§4.1; 审计A; 审计次要,
C-108,真值表编辑,列宽拖过之后重建表格保留手动宽度，换信号才恢复自动适应,保留,MW._on_ti_section_resized + MW._ti_fit_columns,—,,,待落点,方案§4.1; 审计A; 审计次要,
C-109,真值表编辑,Ctrl+D 复制列；单元格正在编辑时不触发（不打断输入）,保留,MW._build_testitems_tab（QShortcut WidgetShortcut on ti_table）,—,,,待落点,方案§4.1; Design§9; 审计A; 审计次要,
C-110,真值表编辑,mux 数据值整表手填：按物理寄存器同步整行，清空恢复自动分配,保留,SV._set_mux_data / MW._on_mux_data_changed,mux_gen.make_mux_vectors(data_overrides=),,,待落点,方案§4.1; Design§10; 审计A; 6月审计N8,
C-111,真值表编辑,mux 单列数据值手填（只改本列，auto_out 按路由 case 的数据源重算）,保留,SV._set_mux_user_data / MW._on_mux_user_data_changed,mux_gen.expand_mux_group（data_keys）,,,待落点,方案§4.1; Design§10; 审计A; 审计Top10-8,
C-112,真值表编辑,已编辑过的 mux 信号改数据值后屏幕值与内部/导出值一致（所见即所得）,保留,SV._mux_resync_cols,mux_gen.make_mux_vectors,,,待落点,审计bug②; 方案§3-轨0-2,
C-113,真值表编辑,mux 手填数据值撞值时提示『≥2 条数据路取到相同值=选错路也测不出（假绿）』,保留,MW._load_mux_test_items（meta['override_collision']）,mux_gen.make_mux_vectors,,,待落点,gui:_load_mux_test_items,文档没写代码里有：两条数据路取到同一个值 = 选错路也 PASS（假绿），手填数据值时最容易踩
C-114,真值表编辑,mux 手填期望按输入取值键存，切覆盖度不串号,保留,MW._on_mux_exp_changed（generator.mux_assign_key）,generator.apply_mux_expected,,,待落点,gui:_on_mux_exp_changed,文档没写代码里有：mux 向量由 case 结构生成、列号随覆盖度变；按列号存会把期望串到别的 case 上
C-115,真值表编辑,mux 加正向列：克隆选中列的 case 成一条可改名、可改本列数据值的手编列,保留,MW._mux_add_col,vectors.clone_vector,,,待落点,方案§4.1; 审计A,
C-116,真值表编辑,mux 复制列（数据值与期望一并带走，自动换新名避免标号冲突）,保留,MW._mux_copy_col,vectors.clone_vector,,,待落点,方案§4.1; 审计A,
C-117,真值表编辑,mux 删列：自动生成列按签名记下（可重新生成恢复），手编列按对象删，全局反例列删=清整信号反例标记,保留,MW._mux_del_cols,generator.mux_assign_key / GenOptions.mux_dropped,,,待落点,方案§4.1; 审计A,
C-118,真值表编辑,mux 清空=零用例（与覆盖度无关）,保留,MW.on_ti_clear（mux 分支 → _mux_cleared）,generator.GenOptions(mux_cleared=),,,待落点,方案§4.1; 审计A,
C-119,真值表编辑,mux 重新生成：丢弃清空/删列/手填期望/数据值/手编列/反例，回出厂态,保留,MW.on_ti_regen（mux 分支）,—,,,待落点,方案§4.1; 审计A,
C-120,真值表编辑,mux 手编列改名（自动生成列与勾选产生的自检列拒绝改名）,保留,MW._mux_rename_col,sv_writer.test_label,,,待落点,方案§4.1; 审计A,
C-121,真值表编辑,mux 逐 case 加反例（已有相同反例的跳过）,保留,MW._mux_add_neg,vectors.make_negative,,,待落点,方案§4.1; 审计A,
C-122,真值表编辑,mux 全部正向列加反例,保留,MW.on_ti_add_neg_all（mux 分支）,vectors.make_negative,,,待落点,方案§4.1; 审计A,
C-123,真值表编辑,mux 删反例（手编反例列 + 整信号反例标记一起清）,保留,MW.on_ti_del_neg（mux 分支）,—,,,待落点,方案§4.1; 审计A,
C-124,真值表编辑,mux 真值表头部：case 结构 + 生效覆盖档 + 该档怎么展开 + 期望手填进度,保留,MW._update_mux_header,generator._mux_ctrl_desc / mux_gen.coverage_mode,,,待落点,清单§1; gui:_update_mux_header,
C-125,真值表编辑,mux 头部标出被跳过的死分支（靠后重复 case）,保留,MW._update_mux_header（shadowed_note）,mux_gen.make_mux_vectors（meta）,,,待落点,gui:_update_mux_header,文档没写代码里有：被跳过的重复 case 是表的问题；不标出来，designer 永远不知道有一支没验
C-126,真值表编辑,mux 头部标出本信号受 dft 页 iddq 门控，以及门能不能 force,保留,MW._update_mux_header 末尾,generator.pin_dft_gate,,,待落点,gui:_update_mux_header,文档没写代码里有：门能不能 force 决定这组还验不验得成，要在编辑器当场看到，而不是导出后才发现被跳过
C-127,真值表编辑,字段太窄·假绿的 mux 组，头部说明为什么整组跳过（要加宽字段或拆组，属设计层）,保留,MW._load_mux_test_items（meta['value_collision']）,mux_gen.make_mux_vectors,,,待落点,gui:_load_mux_test_items; 审计B,STATUS_HELP 里有对应档，但编辑器这条头部文案文档没写
C-128,真值表编辑,iddq DFT 门作为一行只读输入出现在真值表里（紫字），每条测试显示 force 的透传值,保留,SV._populate_truth（is_dft_gate）/ MW._ti_render_col（_ti_dft_pin）,generator.pin_dft_gate,,,待落点,清单§1; gui:_dft_pin_display,文档只在截图说明里提过『iddq 门行紫字』
C-129,真值表编辑,iddq 漏电态自检拍列的期望格用淡紫 + 说明『工具自动加的，不是反例』,保留,SV._populate_truth（DFT_BG）/ SV._is_dft_pitch_col,generator.pin_dft_gate,,,待落点,gui:_is_dft_pitch_col,文档没写代码里有：它是工具自动加的、不是用户的反例；混在琥珀反例里会被当成误加而删掉
C-130,真值表编辑,iddq 自检拍列不参与表达式重算（否则会假红当成反例）,保留,SV._recompute_col_an（_is_dft_pitch_col 早退）,—,,,待落点,gui:_recompute_col_an,文档没写代码里有：表达式不建模 iddq 门，重算会算出功能值 → 整列假红，用户会以为自己填错了
C-131,真值表编辑,门已经是本信号显式输入时不再单列一行 DFT 门（与生成/报告去重同口径）,保留,MW._dft_pin_display(input_bases=),generator.pin_dft_gate,,,待落点,gui:_dft_pin_display,文档没写代码里有：门已经是显式输入时再列一行，同一根网在真值表里出现两次、与 .sv 和报告对不上
C-132,真值表编辑,编辑（含手填期望）立刻在 .sv 预览与导出里生效,保留,SV._compute_edited → provider.render_sv / MW._vector_overrides → generator.build,topout.build_for_topout(edit_overrides=) / generator.GenOptions(vector_overrides=),,,待落点,方案§4.1; Design§10,
C-133,真值表编辑,本信号用例数实时提示（『→ 当前信号 N 条，含 X 反例（已自定义）』）,保留,SV._update_cov_hint / MW._update_cov_hint,—,,,待落点,清单§1; gui:_update_cov_hint,
C-134,真值表编辑,真值表编辑按钮按信号可编辑性启用/禁用（不可建信号不给点）,保留,SV._set_edit_buttons,topout.analyze_signal（status/editable）,,,待落点,gui:_set_edit_buttons,文档没写代码里有：不可建信号点编辑会崩或静默无效；置灰是唯一的『这条不能编辑』提示
C-135,真值表编辑,选中 mux 信号时『加列/复制/反例/改名』按钮的说明文案换成 mux 语义,保留,MW._set_ti_buttons_for_mux（_MUX_BTN_TIPS）,—,,,待落点,gui:_set_ti_buttons_for_mux,文档没写代码里有：mux 的『加列』是按 case 克隆、不是凭空造输入；沿用 logic 文案会误导
C-136,真值表编辑,导出本信号真值表 CSV（转置：每列一条测试）,保留,SV.on_export_csv / MW.on_ti_export_csv,—,,,待落点,方案§4.1; Design§10; 6月审计N7,
C-137,真值表编辑,单信号 CSV 里含 期望(bin) / force / RF_WRITE 三行（能还原驱动）,保留,MW.on_ti_export_csv（legacy 版）,sv_writer.compute_drives / sv_writer.fmt_bin,,,待落点,方案§4.1; 审计A; 审计次要,
C-138,真值表编辑,单信号 CSV 另写『期望来源』行（反例 / designer手填 / auto_out兜底）与『反例?』行,保留,SV.on_export_csv / MW.on_ti_export_csv,—,,,待落点,gui:on_export_csv,文档没写代码里有：designer 拿到 CSV 要分得清哪条是自己填的、哪条是工具兜底的
C-139,真值表编辑,mux 信号导出真值表 CSV，且忠于产物（勾了反例就带上反例列、与生成同口径去重重排号）,保留,MW._export_mux_csv,generator._dedup_negatives / vectors.add_negatives,,,待落点,gui:_export_mux_csv,文档没写代码里有：CSV 要和实际导出的 .sv 一条不差，否则核对不了
C-140,真值表编辑,两套真值表编辑器（SignalView 版 + 排查(旧)版）合成一套,合并,SV._e_* 一组 + MW.on_ti_* 一组,—,,,待落点,方案§4.2; 清单§2,
C-141,真值表编辑,真值表编辑器实现路线,保留,—,—,,,待拍板(默认=QTableView 原生实现),计划§5-2,待拍板 #2：默认=QTableView 原生实现。A5 spike 证明八项行为都做得到且 offscreen 可测（数据量 ≤ 15 行 × 60 列，不值得为它嵌一个浏览器引擎）；spike 失败再走 WebEngine 内嵌 jspreadsheet
C-142,覆盖度,全局默认覆盖档（精简 / 全面 / 穷举），所有信号的基线,保留,SV.cov（_build_coverage_panel）,"topout.topout_view_models(mode=,exhaustive=)",,,待落点,方案§4.1; Design§10,
C-143,覆盖度,用例数上限（安全阀，防穷举/全面产生过多用例）,保留,SV.maxt_spin / MW.max_tests,topout.topout_view_models(max_tests=),,,待落点,方案§4.1; Design§10,
C-144,覆盖度,覆盖度算法说明弹窗（logic 与 mux 各自三档怎么展开）,保留,SV._build_coverage_panel 的 ? 按钮（_COVERAGE_HELP）,—,,,待落点,方案§4.1; 方案§4.3; Design§10; 清单§3,主控裁决: ? 留在覆盖度控件上，诊断抽屉放链接
C-145,覆盖度,按逻辑类型整批设档：直连寄存器(F0) / 布尔位运算(F1) / 选路(F2) / 门控·iddq(F3/F4),保留,SV._build_coverage_panel（_FORM_COV_ROWS）+ SV._on_form_cov_changed,topout.topout_view_models(form_cov=),,,待落点,方案§4.1; Design§10; 清单§1,
C-146,覆盖度,每种逻辑类型给一条例子表达式 + 各档怎么展开的说明,保留,gui._FORM_COV_ROWS,—,,,待落点,清单§1; gui:_FORM_COV_ROWS,
C-147,覆盖度,本信号单点覆盖档（最高优先级，压过逻辑类型档与全局档）,保留,SV.sig_cov_combo / SV._on_sig_cov_changed / MW.on_sig_cov_changed,topout.topout_view_models(sig_cov=) / topout.analyze_signal(mode=),,,待落点,方案§4.1; Design§10; 6月审计N3,
C-148,覆盖度,三层优先级（本信号 > 逻辑类型 > 全局）在清单用例数与真值表之间同一口径,保留,SV._mode_for（与 topout._effective_cov_str 同源）,topout.topout_view_models,,,待落点,方案§4.1; Design§5-H3; gui:_mode_for,
C-149,覆盖度,切信号时『本信号覆盖度』下拉回显该信号已设的档（不触发重算）,保留,SV._sync_sig_cov_combo / MW._set_sig_cov_combo,—,,,待落点,gui:_sync_sig_cov_combo,
C-150,覆盖度,显示生效档的来源（『单点档，已压过全局』/『跟随全局 X 档=全面』）,保留,MW._set_sig_cov_combo（sig_cov_tag）,—,,,待落点,Design§5-H3; gui:_set_sig_cov_combo,
C-151,覆盖度,动全局下拉时清掉当前正在看的这个信号的单点档，让全局改动立刻可见,保留,MW._clear_displayed_sig_cov_on_global,—,,,待落点,gui:_clear_displayed_sig_cov_on_global,文档没写代码里有：用户拍板的『你拧哪个旋钮都对眼前信号生效』
C-152,覆盖度,改逻辑类型档后整张清单的用例数与当前真值表一起重算,保留,SV._on_form_cov_changed,topout.topout_view_models(form_cov=),,,待落点,gui:_on_form_cov_changed,
C-153,覆盖度,已自定义编辑过的信号，改档只影响它的清单用例数与导出，不冲掉编辑,保留,SV._on_sig_cov_changed（cur_name in edits 判定）/ MW.on_coverage_changed,—,,,待落点,gui:_on_sig_cov_changed,文档没写代码里有：改全局档不能把用户手填的期望冲掉——这是编辑与覆盖度两个系统的边界
C-154,覆盖度,只加过反例、没手改正向的信号，切全局档时正向按新档重算再补回反例,保留,MW._neg_only_rows_now / MW._set_signal_negatives（_neg_only 规则 first/all）,vectors.generate_vectors / vectors.add_negatives,,,待落点,gui:_neg_only_rows_now,文档没写代码里有：设计哲学——纯加反例不该把信号冻结成自定义
C-155,覆盖度,界面上 5 个覆盖度下拉、2 套模型收成一套,合并,SV.cov ×5 + SV._form_cov_combos + SV.sig_cov_combo + MW.coverage/coverage_mux/sig_cov_combo,—,,,待落点,方案§4.2; 清单§2; 方案§1,
C-156,覆盖度,三层塌成一个控件：平时只显示『生效档 + 来源』，点开才见三层与上限、穷举,合并,SV._build_coverage_panel + MW 的 logic覆盖/mux覆盖 两个下拉,—,,,待落点,方案§4.1; Design§5-H3; Design§11-1,
C-157,导出,导出 .sv 到文件,保留,SV.on_export_sv / MW.on_generate,topout.render_topout_sv / generator.build + generator.render,,,待落点,方案§4.1; Design§10,
C-158,导出,导出范围三选：全部（正向+反例）/ 仅正向 / 仅反例,保留,SV._ask_export_options / MW._ask_export_options（scope）,"topout.render_topout_sv(scope=) / MW._vector_overrides(positive_only=,negative_only=)",,,待落点,方案§4.1; Design§10; 6月审计#3,
C-159,导出,导出选项：给 .sv 加注释（默认关，便于 diff）,保留,SV._ask_export_options / MW._ask_export_options（comments）,topout.render_topout_sv(comments=) / generator.render(comments=),,,待落点,方案§4.1; Design§10; 6月审计#3,
C-160,导出,导出选项：末尾测试汇总 + 计数器（统计真 FAIL / NEG-broken 数）,保留,SV._ask_export_options / MW._ask_export_options（sv_summary）,topout.render_topout_sv(sv_summary=),,,待落点,方案§4.1; Design§10; 6月审计#3,
C-161,导出,导出选项：断言消息尾部追加 owner,保留,SV._ask_export_options / MW._ask_export_options（owner_in_msg）,topout.render_topout_sv(owner_in_msg=),,,待落点,方案§4.1; Design§10; 6月审计#3,
C-162,导出,导出选项记住上次选择，下次预选,保留,SV._ask_export_options / MW._ask_export_options（_save_settings）,—,,,待落点,清单§3; gui:_ask_export_options,
C-163,导出,两个『导出 .sv 选项』对话框（默认值不同却共用同一份设置）合成一个,合并,SV._ask_export_options + MW._ask_export_options,—,,,待落点,方案§4.2; 清单§3; 清单§7,
C-164,导出,重复 assert 标号（非法 SV）在写文件前弹确认，列出冲突的标号与两个信号,保留,MW._confirm_dup_labels（SV.on_export_sv / MW.on_generate 都调）,generator.build（dup_labels）/ topout.build_for_topout,,,待落点,方案§4.1; Design§10; 审计C; 6月审计N9,
C-165,导出,导出完成摘要：信号数 / 断言块数 / 测试用例数（其中反例几条、designer 手填期望几条）/ 只记账不产断言几个,保留,SV._export_summary_text,topout.render_topout_sv（summary）,,,待落点,方案§4.1; 6月审计#3,
C-166,导出,导出完成摘要点名有哪些信号只记账不产断言,保留,SV._export_summary_text（accounted）,topout.render_topout_sv（accounted）,,,待落点,Design§8-2; 清单§7; gui:_export_summary_text,
C-167,导出,导出 .sv 完成后点名跳过了哪些信号、每个缺哪几根输入（可展开明细）,保留,MW.on_generate（box.setDetailedText + gui._skipped_detail_text）,generator.build（skipped）,,,待落点,方案§4.1; Design§3-Q1; Design§8-2; 清单§7,
C-168,导出,导出完成后自动跳到 .sv 预览页显示这次的内容,保留,SV.on_export_sv（inner.setCurrentIndex(1)）,—,,,待落点,gui:on_export_sv,文档没写代码里有：导出完能立刻看到写出去的是什么，不必再开文件
C-169,导出,按导出范围给不同的默认文件名（wr_rf_tc.sv / _pos.sv / _neg.sv）,保留,MW.on_generate（default_name）,—,,,待落点,gui:on_generate,文档没写代码里有：仅正向 / 仅反例两份不能互相覆盖，默认文件名就把这事挡住
C-170,导出,汇总命名块按范围加后缀（_pos/_neg），两份贴进同一作用域也不重名,保留,MW.on_generate（block_suffix）,generator.render(block_suffix=),,,待落点,gui:on_generate,文档没写代码里有：两份 .sv 贴进同一个 task 体里不重名，否则 elaboration 失败
C-171,导出,写文件失败时说清楚是不是被仿真器/编辑器占用,保留,MW.on_generate（except OSError）,—,,,待落点,gui:on_generate,文档没写代码里有：文件被仿真器/编辑器开着是最常见的写出失败原因，直接说出来省一轮排查
C-172,导出,预览完在状态栏报：信号 / 断言块 / 用例（反例、手填期望）/ 记账 各几条,保留,SV.on_preview / MW.on_preview,topout.render_topout_sv（summary）,,,待落点,清单§5-7; gui:on_preview,
C-173,导出,导出报告 HTML（汇总 + 每信号真值表 + 完整明细 + 可验证性）,保留,SV.on_export_report / MW.on_report,cli.write_report / topout.topout_report,,,待落点,方案§4.1; Design§10,
C-174,导出,导出报告 CSV（明细 + 汇总 + 可验证性三份扁平表）,保留,SV.on_export_report / MW.on_report,cli.write_report,,,待落点,方案§4.1; Design§10,
C-175,导出,导出报告 Excel（真值表 sheet 给 designer 看，autofilter + 冻结表头）,保留,MW.on_report（legacy 独有）,cli.write_report,,,待落点,方案§4.1; Design§10; 审计C; 清单§2,
C-176,导出,选了 Excel 格式就存成 .xlsx（按所选格式纠正扩展名，不出双扩展名）,保留,MW.on_report（want_ext 纠正）,—,,,待落点,方案§4.1; 审计C; 审计次要,
C-177,导出,报告导出完成报『范围（勾选 N 个 / 全部）· 用例 N 条 · 反例 N 条』并列出写了哪几个文件,保留,MW.on_report 完成弹窗,cli.write_report（written）,,,待落点,方案§4.1; 审计C; 审计次要,
C-178,导出,报告只导勾选的信号,保留,SV.on_export_report(only=) / MW.on_report(sel),topout.topout_report(only=),,,待落点,方案§4.1; 6月审计N6,
C-179,导出,回填 for_test 页到一份新 Excel（复制源表全部 sheet，只替换 for_test）,保留,SV.on_fortest / MW.on_fortest,fortest_writer.write_fortest / topout.report_for_topout,,,待落点,方案§4.1; Design§10,
C-180,导出,回填时拒绝把源 Excel 当输出名（防覆盖源表）,保留,MW.on_fortest（abspath 比对）,—,,,待落点,方案§4.1; 审计C; 审计次要,
C-181,导出,回填时自动补 .xlsx 扩展名,保留,MW.on_fortest,—,,,待落点,方案§4.1; 审计C; 审计次要,
C-182,导出,回填完成报回填了几组、mux 信号有几个没进 for_test 及原因,保留,MW.on_fortest 完成弹窗,fortest_writer.write_fortest（返回组数）,,,待落点,方案§4.1; 审计C; 审计次要,
C-183,导出,回填只导勾选的信号,保留,SV.on_fortest(only=) / MW.on_fortest(sel),topout.report_for_topout(only=),,,待落点,方案§4.1; 6月审计N6,
C-184,导出,回填含 mux 表,保留,SV.on_fortest（include_mux=True）,fortest_writer.write_fortest(include_mux=),,,待落点,gui:_TopoutProvider.fortest,文档没写代码里有：SignalView 走 include_mux=True，legacy 不带
C-185,导出,导出 nets.txt（要在 ENV_RF 层定位的网清单，给红区跑 scan_rtl）,降级(诊断抽屉),MW.on_export_nets / SV.on_export_nets,rtl_scan.collect_nets / rtl_scan.render_nets_text,,,待落点,方案§4.1; 方案§4.3; Design§10; 6月审计N5,
C-186,导出,nets.txt 按类别勾选导出（Topout+cone 输入 / 仅 Topout 探针 / logic / mux / dft / iddq），每类带说明,降级(诊断抽屉),MW._ask_nets_pages（_NETS_CAT_INFO）,rtl_scan.collect_nets(pages=) / pageviews.PAGES,,,待落点,方案§4.1; Design§10; 清单§3,
C-187,导出,nets.txt 类别只列本表真有内容的页（空页不出现）,降级(诊断抽屉),MW._nets_categories,pageviews.page_available,,,待落点,gui:_nets_categories,文档没写代码里有：空页导出也是空，列出来只会让人以为导漏了
C-188,导出,nets.txt 类别记住上次勾选，下次预选（默认全勾）,降级(诊断抽屉),MW._ask_nets_pages（settings['nets_pages']）,—,,,待落点,清单§3; gui:_ask_nets_pages,
C-189,导出,nets.txt 导出完成报总网数 + 各类别分项计数，并给出跨机器三步下一步指引,降级(诊断抽屉),MW.on_export_nets 完成弹窗,rtl_scan.collect_nets,,,待落点,Design§3-Q6; gui:on_export_nets,
C-190,导出,导出完整配置 .json（勾选 / 全局档 / 探针前缀 / 强制 force / 全部测试编辑）给同事或换机器用,保留,MW.on_export_edits + MW._collect_config,—,,,待落点,方案§4.1; Design§10; 审计C; 审计Top10-10; 6月审计#1a,
C-191,导出,导出配置完成后逐段报数（勾选几个 / 全局档 / 前缀几条 / 强制 force 几个 / 编辑几个信号、手填期望几条）,保留,MW.on_export_edits 完成弹窗,—,,,待落点,gui:on_export_edits,文档没写代码里有：配置是给同事用的交付物，导出时要能当场确认带走了哪些东西
C-192,导出,导入配置（完整配置=先清空再照单恢复；旧版测试项编辑文件=只并入测试编辑）,保留,MW.on_import_edits + MW._reset_all_config_state + MW._apply_global_settings,—,,,待落点,方案§4.1; Design§10; 审计C; 6月审计#1a,
C-193,导出,导入配置时按文件名核对源表，不一致就提示『这份配置是为《X》导出的，当前是《Y》』,保留,MW.on_import_edits（excel_mismatch）,—,,,待落点,gui:on_import_edits,文档没写代码里有：拿错配置导进来会静默落空；按文件名（不按全路径）提示，跨机器路径不同不误报
C-194,导出,导入配置时列出文件里有、当前表里找不到的信号名与原因（最多 30 个 + 总数）,保留,MW.on_import_edits + MW._apply_edits_bucket（missing）,—,,,待落点,Design§8-2; gui:_apply_edits_bucket,
C-195,导出,导入的不是 dreg_verify 配置文件时明确说缺哪个段，不静默失败,保留,MW.on_import_edits（is_full/is_legacy 判定）,—,,,待落点,gui:on_import_edits,文档没写代码里有：不说清缺哪个段，用户只会反复试别的文件
C-196,导出,导出 claims.json（每个信号探哪根网、force/写哪些网、名字是查到的还是猜的）给红区诊断脚本,新增,GUI 无入口（仅 CLI --export-claims）,cli._export_claims / generator.NAMING_MODEL_TOPOUT,,,待落点,方案§4.1; 方案§5-4; Design§10; 清单§2,
C-197,导出,一个导出中心列全 6 种交付物：交付物 × 范围 × 选项 × 上次导出到哪,新增,旧为 5 个分散按钮 + 2 个对话框,—,,,待落点,方案§4.1; Design§5-H4; Design§11-2-⑥,
C-198,导出,每种交付物记住上次导出到哪个目录,新增,无（只有 nets.txt 用源表目录做默认）,—,,,待落点,Design§5-H4,
C-199,导出,所有导出完成反馈统一成『跳过项名字 + 原因在前、计数在后』,新增,SV.on_export_sv 现只给纯计数,—,,,待落点,Design§5-H4; Design§8-2; 清单§7,
C-200,诊断,探针前缀映射编辑器（信号名 → ENV_RF 下的层级路径）,降级(诊断抽屉),MW.on_set_probe_prefix / SV.on_set_prefix,generator.parse_probe_prefix_lines / resolver.Resolver(wire_prefixes=),,,待落点,方案§4.1; 方案§4.3; Design§10; 审计C,
C-201,诊断,探针前缀支持合并写法（路径只写一次，其下信号名逗号/换行分隔）与扁平写法混用，# 开头是注释,降级(诊断抽屉),MW.on_set_probe_prefix（hint）,generator.parse_probe_prefix_lines / generator.render_probe_prefix_grouped,,,待落点,清单§3; gui:on_set_probe_prefix,
C-202,诊断,探针前缀从 .txt 导入（与现有合并，同名以导入为准）——接红区 scan_rtl 的 probe_prefixes.txt,降级(诊断抽屉),MW.on_set_probe_prefix.do_import,generator.parse_probe_prefix_lines,,,待落点,方案§4.1; Design§3-Q6; Design§10; 清单§3,
C-203,诊断,探针前缀导出成 .txt（换表/给同事复用）,降级(诊断抽屉),MW.on_set_probe_prefix.do_export,generator.render_probe_prefix_grouped,,,待落点,方案§4.1; Design§10; 清单§3,
C-204,诊断,改完探针前缀报影响面：共 N 条映射、影响 M 个信号,降级(诊断抽屉),MW.on_set_probe_prefix 末尾,—,,,待落点,gui:on_set_probe_prefix,文档没写代码里有：配完前缀到底解决了几个信号，是决定要不要再跑一轮 scan_rtl 的依据
C-205,诊断,改完探针前缀重建各视图清单时保住用户已有的勾选（不被重置成全勾）,降级(诊断抽屉),MW.on_set_probe_prefix（_collect_view_checks/_apply_view_checks 往返）,—,,,待落点,gui:on_set_probe_prefix,文档没写代码里有：重建清单会把勾选重置成全勾；不保住就等于把用户挑了半天的导出集清掉了
C-206,诊断,强制 force 信号名单编辑器：列进来的信号跳过展开、直接 force 顶层基名网,降级(诊断抽屉),MW.on_set_force_signals / SV.on_set_force,resolver.Resolver(force_overrides=) / generator.GenOptions(force_overrides=),,,待落点,方案§4.1; 方案§4.3; Design§10; 审计C; 审计Top10-9,
C-207,诊断,强制 force 名单支持行尾 # 注释、留空=清除,降级(诊断抽屉),MW.on_set_force_signals（split('#')）,—,,,待落点,gui:on_set_force_signals,文档没写代码里有：名单要能带着『为什么加这一条』一起交给同事
C-208,诊断,强制 force 名单能导入/导出（跟探针前缀一样可复用）,新增,无（编辑器只有粘贴）,—,,,待落点,清单§7; Design§8-3,
C-209,诊断,强制 force 名单对 Topout 视图与页本地视图的分析与 .sv 都真正生效,保留,_TopoutProvider._fo / _PageProvider._fo,topout.topout_view_models(force_overrides=) / pageviews.page_view_models(force_overrides=),,,待落点,方案§4.1; 审计C; 审计Top10-9,
C-210,诊断,RTL 补充逻辑编辑器：Excel 真表缺某信号的 ECO 级时手工补一条等价表达式来扫真值表,降级(诊断抽屉),MW.on_logic_overrides / SV.on_logic_overrides,generator._logic_with_overrides / generator.GenOptions(logic_overrides=),,,待落点,方案§4.1; 方案§4.3; Design§10; 6月审计N4,
C-211,诊断,RTL 补充逻辑『插入模板(当前信号)』：预填原表达式与原输入映射,降级(诊断抽屉),MW._supplement_template,generator.make_supplement_signal,,,待落点,方案§4.1; Design§10; 清单§3,
C-212,诊断,RTL 补充逻辑从 .json 文件导入,降级(诊断抽屉),MW.on_logic_overrides._from_file,—,,,待落点,方案§4.1; Design§10; 清单§3,
C-213,诊断,RTL 补充逻辑六道校验（信号名占位符未替换 / spec 非对象 / 缺 expr / inputs 非空列表 / 表达式解析 / 变量没有 input 映射），不通过不保存并逐条列错,降级(诊断抽屉),MW._validate_supplements,expr.parse / expr.collect_vars / generator.make_supplement_signal,,,待落点,gui:_validate_supplements,文档没写代码里有：补充式是偏离 Excel 的手写逻辑，写错会静默生成错断言；不通过不保存是唯一防线
C-214,诊断,补充的基名不在当前 Excel logic 页时提示『将作为纯新增合成信号生成』,降级(诊断抽屉),MW.on_logic_overrides（unknown）,—,,,待落点,gui:on_logic_overrides,文档没写代码里有：补一个表里没有的基名是合法用法，但也可能是名字打错了，必须问一声
C-215,诊断,用了 RTL 补充逻辑的信号，真值表头部挂琥珀横幅 + 理由,保留,MW._update_ti_header（supp_tag + setStyleSheet）,—,,,待落点,方案§4.1; 审计A; 审计次要,
C-216,诊断,Topout 视图的展开也看得到 RTL 补充信号（补充的新输入自动成为真值表维度）,保留,_TopoutProvider._supplemented（swap-and-restore）,generator._logic_with_overrides,,,待落点,6月审计N4; gui:_supplemented,
C-217,诊断,『缺前缀是否强制生成』做成可见开关（现在 Topout 路径写死开着）,降级(诊断抽屉),MW.include_risky_chk / MW.on_include_risky_changed（legacy 独有）,generator.GenOptions(include_risky=) / topout.py 写死 True,,,待落点,方案§4.3; Design§10; 审计C; 清单§7,
C-218,诊断,级联模式说明窗（展开上游 vs force级联网 的图解与选择建议）,降级(诊断抽屉),MW._open_cascade_doc,—,,,待落点,方案§4.1; 清单§3,
C-219,诊断,级联说明窗真的读到 docs/级联模式说明.md（现在永远显示『仓库根目录没找到该文件』）,降级(诊断抽屉),MW._open_cascade_doc（路径已修为 docs/）,—,,,待落点,方案§3-轨0-7; 清单§7; 方案§7,
C-220,诊断,级联说明每次打开重读文件，文档更新不用重启工具,降级(诊断抽屉),MW._open_cascade_doc,—,,,待落点,gui:_open_cascade_doc,文档没写代码里有：文档更新后不用重启工具，说明窗永远是最新的
C-221,诊断,『仿真器找不到这根网』按症状组织成三步：导 nets.txt → 红区跑 scan_rtl → 导入前缀,新增,旧为一排孤立按钮,rtl_scan.collect_nets,,,待落点,Design§3-Q6; Design§5-H5; Design§11-2-⑦,
C-222,诊断,逻辑展开说明（工具怎么从顶层输出回溯到源寄存器）,新增,无,—,,,待落点,Design§10,
C-223,诊断,logic 级联 / mux 级联下拉（展开上游 vs force级联网）,删除,MW.cascade_logic_combo / MW.cascade_mux_combo / MW.on_cascade_mode_changed,"resolver.Resolver(cascade_mode=) / generator.GenOptions(logic_cascade=,mux_cascade=)",,,待落点,方案§4.4; 方案§5-2; 用户2026-06-23; 清单§1,
C-224,诊断,本信号级联下拉（单点压过全局）,删除,MW.sig_cascade_combo / MW.on_sig_cascade_changed,generator.GenOptions(sig_cascade=),,,待落点,方案§4.4; 方案§5-2; 用户2026-06-23; 审计A,
C-225,诊断,logic 加尾缀 / mux 加尾缀 全局开关,删除,MW.append_to_logic_chk / MW.append_to_mux_chk,"resolver.Resolver(append_to_logic=,append_to_mux=)",,,待落点,方案§4.4; 方案§5-2; 用户2026-06-23; 清单§1,
C-226,诊断,本信号探尾缀网单点开关,删除,MW.suffix_chk / MW.on_suffix_changed / MW._save_suffix_override,resolver.Resolver(suffix_override=) / generator.GenOptions(suffix_override=),,,待落点,方案§4.4; 方案§5-2; 用户2026-06-23; 审计A,
C-227,持久化与兼容,旧 ~/.dreg_verify_gui.json 的全部键仍可载入（不因升级丢同事的设置）,保留,gui._load_settings / gui._save_settings,—,,,待落点,计划§2-硬护栏; 计划§3-A3,键全集：last_excel / cov_<view_id> / maxt_<view_id> / coverage / coverage_logic / coverage_mux / max_tests / cascade_mode / cascade_logic / cascade_mux / append_to_logic / append_to_mux / include_risky / export_scope / export_comments / export_sv_summary / export_owner_in_msg / nets_pages / probe_prefixes{excel路径:{}} / force_signals{excel路径:[]} / suffix_override{excel路径:{}} / logic_overrides{excel路径:{}}
C-228,持久化与兼容,记住上次载入的 Excel 路径,保留,gui._load_last_excel / gui._save_last_excel（键 last_excel）,—,,,待落点,清单§5-1; gui:_save_last_excel,
C-229,持久化与兼容,每个视图各自记住全局覆盖档与用例上限（键 cov_<view_id> / maxt_<view_id>）,保留,SV._persist_cov / SV._persist_maxt,—,,,待落点,6月审计N2; gui:_persist_cov,
C-230,持久化与兼容,legacy 侧的 logic/mux 覆盖档与用例上限持久化（键 coverage_logic / coverage_mux / max_tests，兼容只有旧 coverage 单键的文件）,保留,MW._persist_coverage + MW._build_ui 启动恢复,—,,,待落点,6月审计N2; gui:_persist_coverage,
C-231,持久化与兼容,导出 .sv 四个选项持久化（export_scope / export_comments / export_sv_summary / export_owner_in_msg）,保留,SV._ask_export_options / MW._ask_export_options,—,,,待落点,6月审计#3; gui:_ask_export_options,
C-232,持久化与兼容,nets.txt 类别勾选持久化（键 nets_pages）,保留,MW._ask_nets_pages,—,,,待落点,gui:_ask_nets_pages,
C-233,持久化与兼容,探针前缀 / 强制 force 名单 / 单点尾缀 / RTL 补充逻辑 按 Excel 路径分桶持久化，换表自动恢复,保留,MW._save_probe_prefixes / _save_force_signals / _save_suffix_override / _save_logic_overrides,—,,,待落点,gui:_save_probe_prefixes; gui:on_load,
C-234,持久化与兼容,SignalView 桶（~/.dreg_verify_edits.json 的 view_edits / view_checks，按 view_id 分子桶）v2 必须能读,保留,SV._serialize_view_edits / SV._restore_view_edits / MW._collect_view_edits / MW._restore_views_from_bucket,—,,,待落点,计划§2-硬护栏; 计划§3-A3; 6月审计#2,"子桶字段：{view_id: {信号名低: {kind, src_out_name, name, renamed, cols:[{name,neg,vals,exp,auto,auto_w,user,dft,case_index}]}}}"
C-235,持久化与兼容,旧 legacy 桶（edits / neg_only / mux_expected / mux_neg / mux_data / mux_dropped / mux_cleared / mux_user_vecs / signals_checked）默认不读不删,保留,MW._persist_edits / MW._apply_edits_bucket / gui._serialize_rows / gui._serialize_mux_vecs,—,,,待落点,计划§2-硬护栏; 计划§3-A3; 方案§5-1,v2 删掉排查(旧)后这些键不再产生也不消费；文件里已有的原样保留，不迁移、不清除，以免同事回退旧版丢活
C-236,持久化与兼容,编辑按『已载入』的 Excel 路径分桶（改了路径没点加载时，编辑仍算旧表的）,保留,MW._persist_edits（_loaded_excel_path）,—,,,待落点,gui:_persist_edits,文档没写代码里有：用户改了路径还没点加载时，这批编辑仍属于旧表；分错桶 = 编辑落到别的表上
C-237,持久化与兼容,换表时先清空各视图编辑再按本表的桶还原（上一张表的编辑不会按同名串进新表）,保留,MW._restore_views_from_bucket,—,,,待落点,gui:_restore_views_from_bucket,文档没写代码里有：不清就会静默写错断言
C-238,持久化与兼容,恢复编辑时按当前表与覆盖度重新分析、重算 auto_out（改表后不留陈旧假绿）,保留,SV._restore_cols（_recompute_col_an）,vectors.make_vector_from_base_values,,,待落点,6月审计#2; gui:_restore_cols,
C-239,持久化与兼容,恢复/导入时，桶里有、当前表里找不到的信号跳过并点名 + 原因（改名？删行？mux 页不存在？）,保留,MW._apply_edits_bucket（missing）/ MW._restore_edits,—,,,待落点,Design§8-2; gui:_apply_edits_bucket,
C-240,持久化与兼容,桶里数值损坏（手改坏的 mux_expected / mux_data）逐条跳过并报个数，整个载入流程不崩,保留,gui._coerce_int_map / gui._deserialize_mux_vecs,—,,,待落点,gui:_coerce_int_map,文档没写代码里有：编辑文件可能被手改坏；每次载表都要读它，崩一次用户就再也打不开工具
C-241,持久化与兼容,designer 手填期望关 GUI / 换表都不丢，下次自动恢复并在状态栏报恢复了几个信号,保留,MW._persist_edits / MW._restore_edits / SV._persist,—,,,待落点,方案§4.1; 6月审计#2,
C-242,持久化与兼容,信号勾选（哪些信号进导出）持久化并在开工具时恢复,保留,MW._collect_checked / MW._apply_signal_checks / SV._collect_view_checks / SV._apply_view_checks,—,,,待落点,方案§4.1; 6月审计N1,
C-243,持久化与兼容,全勾=默认状态时不写勾选桶（保持旧桶逐字节不变、向后兼容）,保留,SV._collect_view_checks（names>=models 返回 None）,—,,,待落点,gui:_collect_view_checks,文档没写代码里有：保持旧桶逐字节不变，是同事回退旧版本仍能读的前提
C-244,持久化与兼容,批量操作（全选/清空/批量反例）挂起逐格存盘，结束统一写一次,保留,MW._persist_suspended（SV._check_all / SV._bulk_neg / MW.set_all_visible 等）,—,,,待落点,gui:_persist_suspended,文档没写代码里有：全选时否则要写几百次文件
C-245,持久化与兼容,单点覆盖档与单点级联档刻意不存盘（否则上次留的单点档会静默盖过全局下拉）,保留,SV._sig_cov / MW._sig_cov / MW._sig_cascade（_persist_edits 注释）,—,,,待落点,6月审计N3; gui:_persist_edits,
C-246,持久化与兼容,pytest 下不写用户的真实配置/编辑文件（防污染）,保留,gui._save_settings / gui._save_edits_file（pytest 判定）,—,,,待落点,gui:_save_edits_file,文档没写代码里有：v2 的测试基建要保住这条，否则跑一次测试覆盖用户真实手填期望
C-247,持久化与兼容,配置 .json 带版本号 dreg_verify_config: 2，导入时据此区分完整配置与旧版编辑文件,保留,MW._collect_config / MW.on_import_edits,—,,,待落点,gui:_collect_config,文档没写代码里有：区分完整配置与旧版编辑文件——两者导入语义完全不同（先清后载 vs 只合并）
C-248,持久化与兼容,探针前缀 .txt 的文件格式不变（红区 scan_rtl 产出的 probe_prefixes.txt 直接能导）,保留,MW.on_set_probe_prefix.do_import/do_export,generator.parse_probe_prefix_lines / generator.render_probe_prefix_grouped,,,待落点,计划§2-硬护栏; Design§3-Q6,
C-249,持久化与兼容,"RTL 补充逻辑 JSON 的文件格式不变（{基名: {enabled, expr, inputs:[{var,raw}], note}}）",保留,MW.on_logic_overrides._from_file / MW._validate_supplements,generator.make_supplement_signal,,,待落点,计划§2-硬护栏; 6月审计N4,
C-250,持久化与兼容,完整配置 .json 的字段集不变（老同事的配置文件仍能导入）,保留,MW._collect_config / MW.on_import_edits,—,,,待落点,计划§2-硬护栏; 6月审计#1a,
C-251,持久化与兼容,python -m dreg_verify.gui 入口不变,保留,gui.main,—,,,待落点,计划§2-硬护栏; 计划§3-C5,
C-252,持久化与兼容,旧门面退役方式,删除,MainWindow 的 legacy 段（约 4900 行）,—,,,待拍板(默认=搬到 legacy_gui.py，验收后删),计划§5-1; 方案§5-1,待拍板 #1：默认=搬到 legacy_gui.py，验收后删。v2 上线时旧门面从界面移除、代码整体搬到 dreg_verify/legacy_gui.py（python -m dreg_verify.legacy_gui 仍可跑），真表验收通过后一条命令删文件；备选=同一轮直接删（git tag 兜底）
C-253,快捷键与入口,Ctrl+O 打开 Excel,保留,MW._build_ui（browse.setShortcut）,—,,,待落点,Design§9; 清单§1,
C-254,快捷键与入口,Ctrl+L 重新载入当前 Excel,保留,MW._build_ui（load.setShortcut）,—,,,待落点,Design§9; 清单§1,
C-255,快捷键与入口,Ctrl+P 预览勾选集 .sv,保留,MW._build_ui（prev.setShortcut）,—,,,待落点,Design§9; 清单§1,
C-256,快捷键与入口,Ctrl+R 导出报告,保留,MW._build_ui（rep.setShortcut）,—,,,待落点,Design§9; 清单§1,
C-257,快捷键与入口,Ctrl+G 生成 .sv,保留,MW._build_ui（gen.setShortcut）,—,,,待落点,Design§9; 清单§1,
C-258,快捷键与入口,Ctrl+D 复制真值表列,保留,MW._build_testitems_tab（QShortcut on ti_table）,—,,,待落点,Design§9; 审计A; 审计次要,
C-259,快捷键与入口,窗口标题带代码版本（git 短 HEAD），一眼看出跑的是哪份代码,保留,gui._code_version + MW.__init__（setWindowTitle）,—,,,待落点,计划§2-⑥; gui:_code_version,
C-260,快捷键与入口,窗口初始 1360×800，最小可用到 1366×768,保留,MW.__init__（resize）,—,,,待落点,Design§9; 清单§1,
C-261,快捷键与入口,左右分栏默认宽度（清单 440 / 详情 760；legacy 640/700；信号表 540 / 明细 170）,保留,SV._build（split.setSizes）/ MW._build_ui（splitter.setSizes / left.setSizes）,—,,,待落点,清单§7; gui:_build,
C-262,快捷键与入口,分栏两侧都拖不没、手柄加粗好抓,保留,SV._build / MW._build_ui（setChildrenCollapsible(False) + setHandleWidth(6)）,—,,,待落点,gui:_build,文档没写代码里有：拖没了就再也拖不回来，只能重启工具
C-263,快捷键与入口,工具条按钮按可用宽度自动换行，窄屏不把面板挤没、分栏拖得动,保留,gui.FlowLayout,—,,,待落点,gui:FlowLayout,文档没写代码里有：按钮一多，普通布局会把面板最小宽度撑到分栏拖不动；这是分栏能用的前提
C-264,快捷键与入口,表格与信号名用等宽字体,保留,MW._mono,—,,,待落点,Design§9; gui:_mono,
C-265,快捷键与入口,切回某个视图时，只有覆盖度/上限真变过才重建清单（不每次切页都重跑全表）,保留,MW._on_main_tab_changed（built_key 指纹）,—,,,待落点,gui:_on_main_tab_changed,文档没写代码里有：每次切页都重跑 211 信号全表分析会卡；但档变了不重建又会显示陈旧的用例数
C-266,快捷键与入口,5 份逐字重复的工具条（约 110 个按钮）收成 1 份,合并,SignalView ×5 实例的工具条,—,,,待落点,方案§4.2; 清单§2; 方案§1,
C-267,快捷键与入口,6 个顶层 tab 收成 1 个工作台（左清单 + 右详情）,合并,MW.main_tabs 的 6 页,—,,,待落点,方案§4.2; Design§5-H1; 清单§1,
C-268,快捷键与入口,两处 .sv 预览（SignalView 的与 legacy 的）合成一处,合并,SV.sv / MW.preview,—,,,待落点,方案§4.2; 清单§2,
C-269,反馈与文案,状态栏逐操作反馈（加了几条反例、跳过几条、改名成什么、同步了哪个寄存器…）,保留,MW.status.showMessage（全局 statusBar）,—,,,待落点,清单§5; gui:_build_ui,
C-270,反馈与文案,跳过/过滤掉的内容必须点名 + 给原因，计数放后面,保留,gui._skipped_detail_text / SV._export_summary_text,generator.build（skipped）,,,待落点,Design§8-2; 清单§7; 方案§7,
C-271,反馈与文案,界面不出现仓库路径、git、CLI 命令、『请把下面发给维护者』,保留,MW.on_load（预览页 traceback）+ 6 处 tooltip 里的 CLI 命令,—,,,待落点,Design§8-1; 清单§7; 方案§3-轨0-7,
C-272,反馈与文案,载表出错时用工程师语言报错，不把 traceback 塞进 .sv 预览页,保留,MW.on_load（preview.setPlainText 分析异常清单）,—,,,待落点,Design§8-1; 清单§7; 计划§3-C1,
C-273,反馈与文案,禁用词就地解释或换说法（cone / F0–F4 / 缝 / prefixed-wire / wire 兜底 / 记账 / claims / tmm / regmap / CUVUNF）,新增,现 76 处 cone、16 处 CUVUNF 全窗口无定义,—,,,待落点,Design§8-6; 清单§6; 方案§7,
C-274,反馈与文案,术语替换表（每个禁用词给替代说法）作为一份可查的表落进代码,新增,无,—,,,待落点,Design§11-6; 计划§3-C1,
C-275,反馈与文案,所有显示线网名的地方区分『表里查到的』与『工具按命名约定猜的』,新增,无（resolver 的 found_in 有信息，界面不分）,resolver.Resolver（found_in）,,,待落点,Design§3-Q3; 方案§7; 计划§3-C2,
C-276,反馈与文案,载入 200+ 信号时给进行中态，分析放后台不卡界面,新增,无（on_load 同步跑完全表）,topout.topout_view_models,,,待落点,Design§11-3; 计划§3-C1; 方案§7,
C-277,反馈与文案,『Excel 没有某一页』『未解析信号』『规格冲突』『猜名线网』『手填与 auto 不一致』五种状态有统一的视觉表达,新增,散在 STATUS_LABEL / TOPO_STATUS_LABEL / 各处 tooltip,—,,,待落点,Design§11-3,
C-278,信号流图,每个信号一张门级图：源寄存器在左、顶层输出在右，每条线标真实网名 + 位宽,新增,无（数据层已在 sigflow.py）,sigflow.build_graph / sigflow.render_svg,,,待落点,方案§0-3; 方案§5-3; Design§6; TASK-013,
C-279,信号流图,图元齐全：寄存器盒 / 线控·RO 输入盒 / 猜名输入盒（虚线+角标）/ AND·OR·NOT·XOR·NAND / MUX2 / MUXn（每支标 case 值含 don't-care，冲突支红虚线+Excel 行号）/ DFT 门控盒 / 总线抽头合并 / 改名·电平移位透传块 / 顶层输出端子,新增,无,sigflow.render_svg,,,待落点,Design§6; TASK-013,
C-280,信号流图,图在 GUI 详情页显示（三视合一之一）,新增,无（数据层不挂现 GUI）,sigflow.render_svg,,,待落点,方案§5-3; Design§5-H2; TASK-015,
C-281,信号流图,图可缩放平移,新增,无,—,,,待落点,Design§6; TASK-015,
C-282,信号流图,点一根线 → 展开链 / 真值表 / 输入表里同名行联动高亮,新增,无,sigflow.render_svg（data-net）,,,待落点,Design§3-Q2; Design§6; TASK-015,
C-283,信号流图,hover 寄存器盒出地址/位段/为什么判成 RO 或 RW,新增,无,sigflow.build_graph（binding.note）,,,待落点,Design§6; TASK-015,
C-284,信号流图,图导出 SVG / PNG,新增,无,sigflow.render_svg / sigflow.render_png,,,待落点,Design§6; TASK-015; 计划§5-3,
C-285,信号流图,同一张图内联进 HTML 报告,新增,报告路径已可内联,sigflow.attach_report_svgs,,,待落点,Design§6; TASK-013; TASK-015,
C-286,信号流图,排版打磨：交叉最小化 / ANSI 门形 / 列缝按最长标签定宽 / 端口标签让位 / channel 超 6 条不重叠,新增,无,sigflow.render_svg,,,待落点,TASK-015; 计划§5-3,
C-287,信号流图,数据层改动点 B / D / E + RO 回读根挂图 + review 遗留 M4/m2/m3/m5/m7(b),新增,无,sigflow.build_graph / sigflow.attach_report_svgs,,,待拍板(默认=进本轮),TASK-015; 计划§5-3,待拍板 #3：默认=进本轮。改动点 B/D/E + RO 回读根挂图 + review 遗留 M4/m2/m3/m5/m7(b) 一起做
C-288,信号流图,覆盖度叠加：把当前向量集实际走到的 mux 支点亮、没被驱动过的支涂灰（假绿可视化）,新增,无,sigflow.build_graph,,,待拍板(默认=v2 之后单开任务),方案§3-轨1-二期; TASK-015; 计划§5-3,待拍板 #3：默认=v2 之后单开任务。
C-289,信号流图,多信号总览图 + PDF 导出,新增,无,—,,,待拍板(默认=v2 之后单开任务),TASK-015; 计划§5-3,待拍板 #3：默认=v2 之后单开任务。
C-290,新增,粘贴一份信号名单，一次勾上对应的信号,新增,无（两边都没有）,—,,,待拍板(默认=进本轮 C1),审计B; TASK-007; 计划§5-5,待拍板 #5：默认=进本轮 C1。
C-291,新增,把当前的勾选/筛选存成一个命名预设，下次一键取回,新增,无（两边都没有）,—,,,待拍板(默认=进本轮 C1),TASK-007; 计划§5-5,待拍板 #5：默认=进本轮 C1。
C-292,新增,按模块前缀把信号分组显示,删除,无（两边都没有）,—,,,待拍板(默认=不做),TASK-007; 计划§5-5,待拍板 #5：默认=不做。owner 筛 + 排序已覆盖
C-293,新增,真值表多格选区（像 Excel 一样框选一片单元格）,新增,无,—,,,待落点,方案§5-5; Design§5-H6; Design§10,
C-294,新增,TSV 粘贴落在活动格；粘贴超出行数自动追加；整次粘贴算一个撤销步,新增,无,—,,,待落点,方案§5-5; Design§5-H6,
C-295,新增,冻结左侧信号名列与列表头,新增,无（行表头已是纵表头，列表头未冻结）,—,,,待落点,方案§5-5; Design§5-H6,
C-296,新增,真值表右键行列菜单,新增,无（审计实测两边都没有右键菜单）,—,,,待落点,方案§5-5; Design§5-H6; 审计A,
C-297,新增,放大到接近全屏的编辑覆盖层,新增,无,—,,,待落点,方案§5-5; Design§5-H6,
C-298,新增,从 CSV / xlsx 批量导入期望值（一个信号 25 列、一张表上百次单元格编辑）,新增,无,—,,,待落点,方案§5-5; Design§3-Q4; Design§10; 清单§5,
C-299,新增,撤销 / 重做（真值表编辑）,新增,无,—,,,待落点,方案§5-5; Design§5-H6,
