old_nodeid,capability,contract_ids,v2_nodeids,disposition,old_assertions
tests/test_testitems.py::test_input_groups_order_and_roles,真值表输入分组的顺序与控制位判定（引擎）,C-073,,保留·非GUI,"assert bases == [""d_bt_lp_linelocal_mode_ctrl"", ""d_bt_lp_bt_mode_sel_local"", ""d_bt_lp_bt_mode_sel"", ""d_bt_lp_iddq""]；assert gd[""d_bt_lp_linelocal_mode_ctrl""][""is_control""]；assert gd[""d_bt_lp_iddq""][""is_control""]；assert not gd[""d_bt_lp_bt_mode_sel""][""is_control""]；assert all(g[""width""] == 1 for g in groups)"
tests/test_testitems.py::test_input_groups_label_keeps_width,输入标签保留位宽、base 不带位宽（引擎）,C-074,,保留·非GUI,"assert by_base[""d_bt_lp_lna_agc_local""][""label""] == ""d_bt_lp_lna_agc_local[2:0]""；assert by_base[""d_bt_lp_lna_agc_line""][""label""] == ""d_bt_lp_lna_agc_line[2:0]""；assert by_base[""d_bt_lp_lna_line_sel""][""label""] == ""d_bt_lp_lna_line_sel""；assert by_base[""d_bt_lp_lna_agc_local""][""base""] == ""d_bt_lp_lna_agc_local"""
tests/test_testitems.py::test_input_groups_shared_base,同一物理信号占多字母只占一列（引擎）,C-073,,保留·非GUI,"assert [g[""base""] for g in groups] == [""d_bt_lp_en_refbuf_cfg""]；assert groups[0][""letters""] == [""A""]"
tests/test_testitems.py::test_make_vector_expected_autocompute,改输入 → auto_out 自动算（引擎）,C-080,,保留·非GUI,"assert vec.exp_value == 1 and not vec.is_negative；assert vec.assignments[""A""] == 1 and vec.assignments[""C""] == 1；assert vec.assignments[""B""] == 0 and vec.assignments[""J""] == 0；assert V.make_vector_from_base_values(node, bindings, groups, bv2, sig.out_width).exp_value == 0"
tests/test_testitems.py::test_make_vector_override_marks_negative,手填期望≠算出值 → 标负向（引擎）,C-100,,保留·非GUI,assert neg.is_negative and neg.neg_value == 0 and neg.exp_value == 1；assert neg.asserted_value == 0；assert not ok.is_negative
tests/test_testitems.py::test_vector_to_base_values_roundtrip,向量 ↔ base_values 往返不改期望（引擎）,C-132,,保留·非GUI,assert rt.exp_value == vec.exp_value；assert rt.assignments == vec.assignments
tests/test_testitems.py::test_base_value_clamped_to_width,编辑值按输入位宽裁剪（引擎）,C-082,,保留·非GUI,"assert gd[""d_bt_lp_lna_agc_local""][""width""] == 3；assert vec.exp_value == 7"
tests/test_testitems.py::test_vector_overrides_replaces_auto,编辑经 vector_overrides 进 build（引擎）,C-132,,保留·非GUI,"assert res[""summary""][""n_generated""] == 1；assert res[""summary""][""n_vectors""] == 1；assert ""==1'b1"" in text；assert ""`RF_WRITE(10'h2D,16'h3);"" in text；assert ""force `ENV_RF.d_bt_lp_iddq=16'h0;"" in text"
tests/test_testitems.py::test_vector_overrides_negative_to_sv,反例落到 .sv（自检式断言）（引擎）,C-104,,保留·非GUI,"assert ""==1'b0"" in text and ""!="" not in text；assert ""NEG-EXPECTED-FAIL"" in text and ""NEG-BROKEN"" in text；assert res[""blocks""][0][1][""n_negative""] == 1"
tests/test_testitems.py::test_overrides_only_affect_named_signal,有 override 的信号用 override，其余自动（引擎）,C-132,,保留·非GUI,"assert by_name[""d_logic_bt_lp_reserve""][1][""n_vectors""] == 1；assert by_name[""d_logic_bt_lp_lna_agc[2:0]""][1][""n_vectors""] > 1"
tests/test_testitems.py::test_unequal_width_same_base_roundtrip,同 base 跨不等宽字母往返不丢高位（引擎）,C-073,,保留·非GUI,"assert len(groups) == 1；assert groups[0][""rep""] == ""B"" and groups[0][""width""] == 4；assert rt.exp_value == vec.exp_value, ""往返丢位: %r"" % vec.assignments"
tests/test_testitems.py::test_empty_override_means_zero_tests,空 override = 零用例并进 skipped（引擎）,C-089,,保留·非GUI,"assert res[""summary""][""n_generated""] == 0；assert res[""summary""][""n_vectors""] == 0；assert ""d_logic_bt_lp_reserve"" in skipped_names；assert ""清空"" in ""; "".join(str(w) for *_h, w in reason)；assert row[""n_tests""] == 0 and ""清空"" in row[""error""]"
tests/test_testitems.py::test_negative_sv_has_neg_suffix,反例断言 id 带 _NEG（引擎）,C-092,,保留·非GUI,"assert ""assert_106_T0_NEG:"" in text"
tests/test_testitems.py::test_override_plus_left_neg_appends_auto,override + 左侧反例 → 补自动反例（引擎）,C-101,,保留·非GUI,"assert st[""n_vectors""] == 2；assert st[""n_negative""] == 1"
tests/test_testitems.py::test_report_tables_structure,report() 真值表结构（引擎）,C-173,,保留·非GUI,"assert ""tables"" in rep；assert t[""inputs""] and t[""tests""]；assert any(n.endswith(""_NEG"") for n in names)；assert all(len(tc[""values""]) == len(t[""inputs""]) for tc in t[""tests""])；assert neg_tc[""expected""] != neg_tc[""correct""]"
tests/test_testitems.py::test_report_tables_bitwidth_label,真值表行标签保留位宽（引擎）,C-074,,保留·非GUI,"assert ""d_bt_lp_lna_agc_local[2:0]"" in labels；assert t[""exp_label""] == ""期望(out)[2:0]"""
tests/test_testitems.py::test_custom_test_name_flows_to_sv,自定义列名贯穿 .sv 断言 id（引擎）,C-091,,保留·非GUI,"assert W.test_label(v_named) == ""boundary_case""；assert W.test_label(v_default) == ""T1""；assert W.test_label(v_neg) == ""bad_iddq_NEG""；assert ""assert_106_boundary_case:"" in text；assert ""assert_106_bad_iddq_NEG:"" in text"
tests/test_testitems.py::test_gui_rename_only_user_added,自动列拒改名 / 手编列可改名且贯穿 .sv,C-091;C-092;C-093;C-132,tests/test_ui_dialogs.py::test_dlg_rename_col_c091_valid_name_accepts;tests/test_ui_truth_model.py::test_c086_c087_c088_c093_column_ops;tests/test_ui_truth_panel.py::test_c085_to_c091_toolbar_actions_route_to_model;tests/test_ui_truth_view.py::test_c296_context_menu_and_c091_header_double_click_only_emit;tests/test_ui_dialogs.py::test_dlg_rename_col_c092_negative_gets_neg_suffix;tests/test_ui_dialogs.py::test_dlg_rename_col_c092_invalid_keeps_dialog_open;tests/test_ui_dialogs.py::test_dlg_rename_col_c093_auto_col_refusal_text_exists;tests/test_ui_sv_preview.py::test_c072_c132_dirty_on_edit_and_config;tests/test_ui_truth_model.py::test_c132_edit_roundtrip_matches_v1;tests/test_ui_truth_model.py::test_c132_dft_pitch_col_is_readonly_in_v2,删除·v2已覆盖,"assert not ok；assert ok and final == ""my_special_case_""；assert w._ti_rows[new_col][""name""] == ""my_special_case_""；assert w.ti_table.horizontalHeaderItem(new_col).text() == ""my_special_case_""；assert ""_my_special_case_:"" in text；assert not ok2 and ""重复"" in msg2"
tests/test_testitems.py::test_gui_reject_reserved_tname,改名拒 T<编号> 保留名与重名,C-092;C-093,tests/test_ui_dialogs.py::test_dlg_rename_col_c092_negative_gets_neg_suffix;tests/test_ui_dialogs.py::test_dlg_rename_col_c092_invalid_keeps_dialog_open;tests/test_ui_truth_model.py::test_c086_c087_c088_c093_column_ops;tests/test_ui_dialogs.py::test_dlg_rename_col_c093_auto_col_refusal_text_exists,删除·v2已覆盖,"assert not ok and ""冲突"" in msg；assert not ok2；assert ok3 and final == ""boundary"""
tests/test_testitems.py::test_build_no_dup_labels_normal,R 各异时无重复标号（引擎）,C-164,,保留·非GUI,"assert res[""summary""][""n_dup_labels""] == 0；assert res[""dup_labels""] == []"
tests/test_testitems.py::test_build_dup_labels_same_R,两信号同 R → build 抓到重复标号（引擎）,C-164,,保留·非GUI,"assert res[""summary""][""n_dup_labels""] > 0；assert any(""106_T0"" == lbl for lbl, _a, _b in res[""dup_labels""])"
tests/test_testitems.py::test_gui_neg_rebuild_keeps_name_and_wrong,再次加反例时保住已有反例列的改名与手填错值,C-097;C-101,tests/test_ui_migrated_c5a.py::test_c097_c101_add_neg_all_keeps_renamed_and_hand_filled_negatives;tests/test_ui_state.py::test_set_neg_adds_one_and_reports_skipped;tests/test_ui_truth_model.py::test_c096_c102_negatives_delegate_to_engine;tests/test_ui_truth_model.py::test_c097_c098_c099_c100_negatives_rules;tests/test_ui_truth_panel.py::test_c101_c122_all_positive_negatives_share_one_path,删除·v2已补强(test_c097_c101_add_neg_all_keeps_renamed_and_hand_filled_negatives),"assert ok；assert any(rd.get(""name"") == ""my_special_neg"" for rd in negs), ""重建丢了负向列改名""；assert any(rd.get(""wrong_value"") == 1 for rd in negs), ""重建丢了手填错值"""
tests/test_testitems.py::test_report_honors_overrides,report() 与 .sv 同用 override（引擎）,C-132,,保留·非GUI,"assert row[""n_tests""] == 1"
tests/test_testitems.py::test_no_overrides_unchanged,不传 override 时行为不变（引擎）,C-132,,保留·非GUI,"assert a[""summary""][""n_vectors""] == b[""summary""][""n_vectors""]；assert generator.render(a) == generator.render(b)"
tests/test_testitems.py::test_gui_testitem_edit_flow,真值表编辑冒烟：改格 → 加列 → 回流 build → 重新生成,C-078;C-085;C-086;C-132,tests/test_ui_truth_model.py::test_c078_c080_c081_exp_and_auto_recompute;tests/test_ui_truth_model.py::test_c078_designer_expected_equal_to_auto_is_recorded;tests/test_ui_truth_model.py::test_c089_c085_c094_clear_regen_fill;tests/test_ui_truth_model.py::test_c085_regenerate_is_one_undo_step;tests/test_ui_truth_model.py::test_c085_regenerate_undo_restores_an_too;tests/test_ui_truth_panel.py::test_c085_to_c091_toolbar_actions_route_to_model;tests/test_ui_truth_model.py::test_c086_c087_c088_c093_column_ops;tests/test_ui_sv_preview.py::test_c072_c132_dirty_on_edit_and_config;tests/test_ui_truth_model.py::test_c132_edit_roundtrip_matches_v1;tests/test_ui_truth_model.py::test_c132_dft_pitch_col_is_readonly_in_v2,删除·v2已覆盖,"assert len(w.signals) == 3；assert w._ti_sig is sig and len(w._ti_rows) >= 1；assert ""d_logic_bt_lp_reserve"" in w._customized；assert len(w._ti_rows) == n0 + 1；assert ov and ""d_logic_bt_lp_reserve"" in ov；assert len(ov[""d_logic_bt_lp_reserve""]) == len(w._ti_rows)；assert res[""summary""][""n_vectors""] == len(w._ti_rows)；assert ""d_logic_bt_lp_reserve"" not in w._customized"
tests/test_testitems.py::test_gui_add_negative_appends_not_modifies,加反例=追加列、正向一条不改；删反例只剩正向,C-101;C-102,tests/test_ui_truth_model.py::test_c096_c102_negatives_delegate_to_engine;tests/test_ui_truth_panel.py::test_c101_c122_all_positive_negatives_share_one_path;tests/test_ui_truth_panel.py::test_c096_c102_add_and_del_negatives_from_toolbar,删除·v2已覆盖,"assert len(pos) == n_pos and len(neg) == n_pos；assert [(dict(rd[""base_values""]), rd[""expected""]) for rd in pos] == pos_snapshot；assert all(rd[""expected""] == rd[""correct""] for rd in pos)；assert all(rd[""is_negative""] and rd[""expected""] != rd[""correct""] for rd in neg)；assert all(rd.get(""kind"") != ""neg"" for rd in w._ti_rows) and len(w._ti_rows) == n_pos"
tests/test_testitems.py::test_gui_left_neg_adds_one,清单「反例」勾选 → 默认只加 1 条；取消 → 撤销,C-023,tests/test_ui_migrated_c5a.py::test_c023_c122_left_neg_column_shows_in_grid_and_uncheck_removes_it;tests/test_ui_signal_list.py::test_c022_c023_check_and_neg_columns_write_state;tests/test_ui_state.py::test_set_neg_adds_one_and_reports_skipped,删除·v2已补强(test_c023_c122_left_neg_column_shows_in_grid_and_uncheck_removes_it),"assert len(pos) == n_pos and len(neg) == 1；assert ""d_logic_bt_lp_reserve"" in w._neg_only；assert ""d_logic_bt_lp_reserve"" not in w._customized"
tests/test_testitems.py::test_gui_add_neg_selected_precise,「加反例(选中)」只给选中列加，取值复制自那一列,C-096,tests/test_ui_migrated_c5a.py::test_c096_add_neg_copies_values_from_the_selected_column;tests/test_ui_truth_model.py::test_c096_c102_negatives_delegate_to_engine;tests/test_ui_truth_panel.py::test_c096_c102_add_and_del_negatives_from_toolbar;tests/test_ui_truth_panel.py::test_c096_add_neg_without_selection_says_so,删除·v2已补强(test_c096_add_neg_copies_values_from_the_selected_column),"assert n_pos >= 2；assert len(neg) == 1；assert neg[0][""base_values""] == w._ti_rows[0][""base_values""]；assert sig.out_name.lower() in w._customized and sig.out_name.lower() not in w._neg_only；assert len(negs) == 2；assert any(rd[""base_values""] == t1_bv for rd in negs)"
tests/test_testitems.py::test_gui_all_signals_negative,一批信号各加恰好 1 条反例；清除撤销全部定制,C-035,tests/test_ui_signal_list.py::test_c035_c036_bulk_neg_confirm_when_named;tests/test_ui_signal_list.py::test_c035_neg_all_falls_back_to_visible_when_nothing_checked,删除·v2已覆盖,"assert ov is not None；assert all(sum(1 for v in vs if v.is_negative) == 1 for vs in ov.values() if vs)；assert len(ov) == len(w.signals)；assert neg_cols and w.ti_table.horizontalHeaderItem(neg_cols[0]).text().endswith(""_NEG"")；assert not w._customized"
tests/test_testitems.py::test_gui_bulk_neg_nondestructive,批量加反例不把已有多条反例塌成 1 条,C-035;C-097,tests/test_ui_signal_list.py::test_c035_c036_bulk_neg_confirm_when_named;tests/test_ui_signal_list.py::test_c035_neg_all_falls_back_to_visible_when_nothing_checked;tests/test_ui_state.py::test_set_neg_adds_one_and_reports_skipped;tests/test_ui_truth_model.py::test_c096_c102_negatives_delegate_to_engine;tests/test_ui_truth_model.py::test_c097_c098_c099_c100_negatives_rules,删除·v2已覆盖,assert n_neg_before >= 2；assert n_neg_after == n_neg_before
tests/test_testitems.py::test_gui_add_neg_selected_no_duplicate,对已有反例的列再加不产生重复反例,C-097,tests/test_ui_state.py::test_set_neg_adds_one_and_reports_skipped;tests/test_ui_truth_model.py::test_c096_c102_negatives_delegate_to_engine;tests/test_ui_truth_model.py::test_c097_c098_c099_c100_negatives_rules,删除·v2已覆盖,"assert sum(1 for rd in w._ti_rows if rd.get(""kind"") == ""neg"") == n_neg"
tests/test_testitems.py::test_gui_default_one_survives_coverage_change,只加反例的信号切覆盖度后仍是 1 条反例,C-154,tests/test_ui_migrated_c5a.py::test_c154_neg_only_signal_follows_global_coverage;tests/test_ui_coverage.py::test_c152_c153_c154_recompute_rules,删除·v2已补强(test_c154_neg_only_signal_follows_global_coverage),"assert sum(1 for rd in w._ti_rows if rd.get(""kind"") == ""neg"") == 1；assert w._neg_only.get(sig.out_name.lower()) == ""first""；assert n_neg == 1；assert w._neg_only.get(sig.out_name.lower()) == ""first"""
tests/test_testitems.py::test_gui_positive_only_strips_negatives,「仅正向」导出剔除反例向量,C-158,tests/test_pageviews.py::test_c158_page_sv_neg_scope_without_negatives_is_empty;tests/test_ui_export_center.py::test_c157_c158_c159_c160_c161_sv_row_options_to_exports,删除·v2已覆盖,assert n_neg >= 1；assert all(not v.is_negative for v in ov_pos[name])；assert len(ov_pos[name]) == len(ov_all[name]) - n_neg
tests/test_testitems.py::test_gui_coverage_mapping,"覆盖度下拉 → (mode, exhaustive) 三档映射",C-142,tests/test_ui_c4_integration.py::test_c4_coverage_requested_opens_popover;tests/test_ui_coverage.py::test_c142_c143_global_and_maxt_persist_per_view,删除·v2已覆盖,"assert w._coverage() == (""min"", False)；assert w._coverage() == (""max"", False)；assert w._coverage() == (""max"", True)"
tests/test_testitems.py::test_gui_coverage_decouple_mapping,logic / mux 两套覆盖度下拉各自独立（v2 已合并成一套）,C-155;C-156,tests/test_ui_coverage.py::test_c155_c156_single_widget_single_model;tests/test_ui_c4_integration.py::test_c4_coverage_requested_opens_popover,删除·v2已覆盖,"assert w._coverage() == (""min"", False)；assert w._mux_coverage() == (""max"", True)；assert w._mux_cov_mode() == ""exhaustive""；assert w._coverage() == (""max"", False)；assert w._mux_cov_mode() == ""min"""
tests/test_testitems.py::test_gui_coverage_no_restore_under_pytest,pytest 下不从真实 settings 恢复覆盖档,C-246,tests/test_ui_invariants.py::test_i08_c245_c246_full_window_never_touches_home;tests/test_ui_state.py::test_c246_pytest_never_touches_home,删除·v2已覆盖,"assert w.coverage.currentText() == ""精简""；assert w.coverage_mux.currentText() == ""精简"""
tests/test_testitems.py::test_gui_coverage_live_update,切覆盖度即时重算未自定义信号的真值表,C-142;C-152,tests/test_ui_migrated_c5a.py::test_c142_c143_c152_global_cov_and_max_tests_relayout_columns_live;tests/test_ui_c4_integration.py::test_c4_coverage_requested_opens_popover;tests/test_ui_coverage.py::test_c142_c143_global_and_maxt_persist_per_view;tests/test_ui_coverage.py::test_c152_c153_c154_recompute_rules,删除·v2已补强(test_c142_c143_c152_global_cov_and_max_tests_relayout_columns_live),assert n_min >= 1 and n_max >= n_min
tests/test_testitems.py::test_gui_coverage_keeps_customized,已自定义信号切覆盖度不冲掉编辑,C-153,tests/test_ui_migrated_c5a.py::test_c153_edited_signal_keeps_columns_when_global_cov_changes;tests/test_ui_coverage.py::test_c152_c153_c154_recompute_rules,删除·v2已补强(test_c153_edited_signal_keeps_columns_when_global_cov_changes),assert sig.out_name.lower() in w._customized；assert sig.out_name.lower() in w._customized；assert len(w._ti_rows) == rows_before
tests/test_testitems.py::test_gui_max_tests_live_update,改用例上限即时重算当前非自定义信号,C-143,tests/test_ui_migrated_c5a.py::test_c142_c143_c152_global_cov_and_max_tests_relayout_columns_live;tests/test_ui_coverage.py::test_c142_c143_global_and_maxt_persist_per_view,删除·v2已补强(test_c142_c143_c152_global_cov_and_max_tests_relayout_columns_live),assert n0 > 2；assert len(w._ti_rows) <= 2 and len(w._ti_rows) < n0
tests/test_testitems.py::test_gui_coverage_live_update_neg_only,仅加过反例的信号切覆盖度重算正向并补回反例,C-154,tests/test_ui_migrated_c5a.py::test_c154_neg_only_signal_follows_global_coverage;tests/test_ui_coverage.py::test_c152_c153_c154_recompute_rules,删除·v2已补强(test_c154_neg_only_signal_follows_global_coverage),assert sig.out_name.lower() in w._neg_only；assert len(pos) <= n_pos_max and len(neg) == len(pos) and len(neg) >= 1；assert sig.out_name.lower() in w._neg_only
tests/test_testitems.py::test_gui_neg_only_switch_follows_global_coverage,未在看的 neg-only 信号也跟随全局覆盖度,C-154,tests/test_ui_migrated_c5a.py::test_c154_neg_only_signal_follows_global_coverage;tests/test_ui_coverage.py::test_c152_c153_c154_recompute_rules,删除·v2已补强(test_c154_neg_only_signal_follows_global_coverage),"assert A.lower() in w._neg_only and B.lower() in w._neg_only；assert b_pos == b_auto_full, ""切到未在改全局时看的 neg_only 信号 B 应跟随全局全面(%d)，实得 %d"" % (b_auto_full, b_pos)；assert b_neg >= 1, ""负向应保留""；assert pos_neg(w3)[0] == b_auto_full, ""重开后 B 选中应跟随当前全局全面""；assert B.lower() in w3._neg_only and pos_neg(w3)[1] >= 1, ""重开后负向定制应恢复"""
tests/test_testitems.py::test_gui_neg_only_build_follows_global_coverage,neg-only 信号在 build/报告侧也跟随全局覆盖度,C-154,tests/test_ui_migrated_c5a.py::test_c154_neg_only_signal_follows_global_coverage;tests/test_ui_coverage.py::test_c152_c153_c154_recompute_rules,删除·v2已补强(test_c154_neg_only_signal_follows_global_coverage),"assert clean_exh > clean_min, ""纯自动：穷举(%d)应>精简(%d)"" % (clean_exh, clean_min)；assert neg_min_pos == clean_min, ""加负向后精简正向应=纯自动精简(%d)，实得 %d"" % (clean_min, neg_min_pos)；assert neg_min_neg >= 1, ""确实加了负向""；assert neg_exh_pos == clean_exh, \ ""加负向后切穷举，build 正向应=clean穷举(%d)，实得 %d(冻结bug)"" % (clean_exh, neg_exh_pos)；assert neg_exh_neg == neg_min_neg, ""负向数(first 规则=每信号1条)不应因切覆盖度丢失"""
tests/test_testitems.py::test_gui_sig_cov_per_signal,本信号单点覆盖档压过全局，并带进 build,C-147;C-148,tests/test_ui_coverage.py::test_c147_c149_sig_cov_roundtrip_no_recompute;tests/test_ui_coverage.py::test_c148_c150_effective_chain_bar_text,删除·v2已覆盖,"assert w.sig_cov_combo.isEnabled()；assert w.sig_cov_combo.currentText() == ""跟随全局""；assert w._sig_cov.get(name_low) == ""exhaustive""；assert w.coverage.currentText() == ""精简""；assert n_one > n_min, ""单点穷举应比全局精简用例多""；assert opts.sig_cov.get(name_low) == ""exhaustive""；assert nv == n_one；assert name_low not in w._sig_cov；assert len(w._ti_rows) == n_min"
tests/test_testitems.py::test_gui_sig_cov_isolated_to_signal,单点档不跨信号串（切信号回显各自的档）,C-147;C-149,tests/test_ui_coverage.py::test_c147_c149_sig_cov_roundtrip_no_recompute,删除·v2已覆盖,"assert w._sig_cov.get(sigA.out_name.lower()) == ""exhaustive""；assert w.sig_cov_combo.currentText() == ""跟随全局""；assert sigB.out_name.lower() not in w._sig_cov；assert cmap[sigA.out_name] == a_ex_n"
tests/test_testitems.py::test_gui_sig_cov_global_clears_displayed_override,拧全局只清【当前在看】那个信号的单点档；别的保留；改上限不清档,C-151,tests/test_ui_migrated_c5a.py::test_c151_global_change_clears_only_the_current_signal_override;tests/test_ui_coverage.py::test_c151_global_change_clears_sig_cov,删除·v2已补强(test_c151_global_change_clears_only_the_current_signal_override),"assert A.lower() not in w._sig_cov, ""看A时拧全局→应清掉A的单点档""；assert len(w._ti_rows) < n_exh, ""清档后A应跟随全局全面、用例变少""；assert B.lower() in w._sig_cov, ""没在看的B应保留单点档""；assert w._sig_cov.get(B.lower()) == ""exhaustive""；assert w.sig_cov_combo.currentText() == ""穷举""；assert w._sig_cov.get(A.lower()) == ""exhaustive"", ""改 max_tests 不该清单点档"""
tests/test_testitems.py::test_gui_sig_cov_session_only_not_persisted,单点档是会话内临时档，不存盘不恢复,C-245,tests/test_ui_coverage.py::test_c245_sig_cov_not_in_settings;tests/test_ui_invariants.py::test_i08_c245_c246_full_window_never_touches_home;tests/test_ui_state.py::test_c245_sig_cov_not_persisted,删除·v2已覆盖,"assert w1._sig_cov.get(A) == ""min""；assert w2._sig_cov == {}, ""单点档不该从磁盘恢复（会话内临时）""；assert n_exh > len(w2._ti_rows), ""新会话 A 应跟随全局(穷举>精简)，不被上次残留单点档盖住""；assert ""sig_cov"" not in bucket, ""单点档不该进存盘桶"""
tests/test_testitems.py::test_gui_sig_cov_bucket_sig_cov_ignored,旧桶里残留的 sig_cov 段一律忽略,C-245,tests/test_ui_coverage.py::test_c245_sig_cov_not_in_settings;tests/test_ui_invariants.py::test_i08_c245_c246_full_window_never_touches_home;tests/test_ui_state.py::test_c245_sig_cov_not_persisted,删除·v2已覆盖,"assert w._sig_cov == {}, ""旧桶 sig_cov 应被忽略"""
tests/test_testitems.py::test_gui_export_negative_only,「仅负向」导出：override 只剩反例，build 全是反例,C-158,tests/test_pageviews.py::test_c158_page_sv_neg_scope_without_negatives_is_empty;tests/test_ui_export_center.py::test_c157_c158_c159_c160_c161_sv_row_options_to_exports,删除·v2已覆盖,"assert name.lower() in ov_neg；assert ov_neg[name.lower()] and all(v.is_negative for v in ov_neg[name.lower()])；assert w._negative_signal_names([name]) == [name]；assert s[""n_vectors""] > 0 and s[""n_vectors""] == s[""n_negative""]"
tests/test_testitems.py::test_gui_export_negative_only_signal_without_neg_skipped,没有反例的信号不进「仅负向」范围,C-158,tests/test_pageviews.py::test_c158_page_sv_neg_scope_without_negatives_is_empty;tests/test_ui_export_center.py::test_c157_c158_c159_c160_c161_sv_row_options_to_exports,删除·v2已覆盖,assert w._vector_overrides(negative_only=True) is None；assert w._negative_signal_names([sig.out_name]) == []
tests/test_testitems.py::test_report_verifiability_structure,report() 的可验证性四类计数（引擎）,C-173,,保留·非GUI,"assert set(v[""counts""]) >= {""clean"", ""wire-fallback"", ""unresolved"", ""parse-err""}；assert sum(v[""counts""].values()) == len(v[""signals""]) == len(wb.logic)；assert all(s[""status""] in v[""counts""] for s in v[""signals""])；assert v[""counts""][k] == n"
tests/test_testitems.py::test_html_report_has_verifiability_tab,HTML 报告可验证性标签页（引擎）,C-173,,保留·非GUI,"assert ""可验证性"" in html and 'data-tab=""ver""' in html；assert 'id=""ver""' in html and ""vrow"" in html"
tests/test_testitems.py::test_csv_report_writes_verifiability,CSV 报告另写可验证性表（引擎）,C-174,,保留·非GUI,"assert verif, ""应生成可验证性 CSV""；assert ""可验证性"" in content"
tests/test_testitems.py::test_gui_truthtable_short_headers_and_inputs_table,真值表行表头=真实信号名(控制位加粗+字母 tooltip) + 输入信号表五列,C-074;C-075;C-056;C-057,tests/test_inputs_table.py::test_c074_vheader_display_format;tests/test_ui_truth_model.py::test_c073_c074_c077_shape_rows_are_inputs_plus_auto_plus_exp;tests/test_ui_truth_view.py::test_c074_c075_frozen_labels_and_tooltips;tests/test_ui_c2_integration.py::test_c055_c056_c068_c280_current_changed_syncs_four_widgets_with_one_analyze;tests/test_ui_side_panel.py::test_c056_inputs_table_four_columns_and_two_rows_per_input;tests/test_ui_side_panel.py::test_c056_inputs_rows_match_engine_for_every_mirror_signal;tests/test_ui_side_panel.py::test_c056_every_side_object_name_is_present;tests/test_ui_side_panel.py::test_c056_side_panel_size_hint_follows_design;tests/test_exports.py::test_c057_drive_pair_single_source;tests/test_ui_side_panel.py::test_c057_drive_line_shows_rfwrite_and_force,删除·v2已覆盖,"assert ""d_bt_lp_linelocal_mode_ctrl (控制)"" in headers；assert ""d_bt_lp_iddq (控制)"" in headers；assert ""d_bt_lp_bt_mode_sel_local"" in headers；assert ""d_bt_lp_bt_mode_sel"" in headers；assert all(h.split()[0] not in (""A"", ""B"", ""C"", ""J"") for h in headers)；assert any(""表达式里的 A"" in t for t in tips)；assert any(""表达式里的 J"" in t for t in tips)；assert bold == {""A"", ""J""}；assert ""(A?C:B)&(~J)"" in w.ti_header.text()；assert ""字母对应"" not in w.ti_header.text()；assert ti.columnCount() == 5；assert ti.rowCount() == len(w._ti_groups)；assert set(rowmap) >= {""A"", ""B"", ""C"", ""J""}；assert ""d_bt_lp_linelocal_mode_ctrl"" in ti.item(rowmap[""A""], 1).text()；assert ""控制"" in ti.item(rowmap[""A""], 2).text() and ""控制"" in ti.item(rowmap[""J""], 2).text()；assert ""数据"" in ti.item(rowmap[""C""], 2).text() and ""数据"" in ti.item(rowmap[""B""], 2).text()；assert kind in (""RO"", ""RW"", ""UNKNOWN"", ""?"")；assert drive.startswith(""force ENV_RF."")；assert drive.startswith(""RF_WRITE"")"
tests/test_testitems.py::test_report_table_inputs_carry_letters,报告真值表 inputs 带字母、按地址序（引擎）,C-076,,保留·非GUI,"assert sorted(i[""letters""] for i in t[""inputs""]) == [""A"", ""B"", ""C"", ""J""]；assert [i[""letters""] for i in t[""inputs""]] == [""B"", ""A"", ""C"", ""J""]；assert all(""label"" in i for i in t[""inputs""])"
tests/test_testitems.py::test_html_report_maps_letters_to_signals,HTML 报告字母→信号映射（引擎）,C-173,,保留·非GUI,"assert ""A → d_bt_lp_linelocal_mode_ctrl"" in html；assert ""J → d_bt_lp_iddq"" in html"
tests/test_testitems.py::test_html_report_truth_table_value_filter,HTML 报告真值表按值筛选（引擎）,C-173,,保留·非GUI,"assert m, ""缺少 tt-data blob""；assert blk, ""应至少有一个真值表块（多列+变化输入）挂上按值筛选输入框""；assert re.search(r'<input class=""ttf"" type=""text"" data-ri=""\d+""', blk)；assert ""<select"" not in blk and ""(全部)"" not in blk；assert 'data-c=""0""' in blk；assert 'class=""ttfcount""' in blk and 'class=""ttfclr""' in blk；assert 'class=""inrow"" data-ri=' in blk；assert '<div class=""ttblock"">' not in shell；assert '.tt .ttfx{display:none}' in shell；assert 'function filterBlock' in shell；assert ""contains('ttf')"" in shell；assert ""contains('ttfclr')"" in shell；assert ""addEventListener('input'"" in shell"
tests/test_testitems.py::test_gui_panes_are_resizable,工具条 FlowLayout 可缩到单按钮宽 + 分栏不可塌陷,C-262;C-263,tests/test_ui_app.py::test_c260_c261_c262_default_sizes_and_clamps;tests/test_ui_app.py::test_c263_flowlayout_wraps,删除·v2已覆盖,assert not sp.childrenCollapsible()；assert sp.widget(0).minimumWidth() <= 260；assert len(flows) >= 2；assert 0 < fl.minimumSize().width() < 260；assert fl.heightForWidth(180) >= fl.heightForWidth(2000)
tests/test_testitems.py::test_gui_cell_text_binary_roundtrip,单元格显示格式与 parse_int 往返（含 0bc 裸 hex）,C-082;C-084,tests/test_ui_truth_model.py::test_c082_c083_parse_int_forms_and_failure_restores;tests/test_ui_truth_model.py::test_c084_display_format_roundtrips_parse_int;tests/test_truth_edit.py::test_parse_int_forms,删除·v2已覆盖,"assert M._cell_text(5, 3) == ""0b101""；assert M._cell_text(1, 1) == ""1""；assert M._cell_text(0xAB, 8) == ""0xAB""；assert M._parse_int(""0b101"") == 5；assert M._parse_int(""0b0011"") == 3；assert M._parse_int(""0xAB"") == 0xAB；assert M._parse_int(""0bc"") == 0xBC；assert M._parse_int(""0bf"") == 0xBF；assert M._parse_int(""0b11"") == 3"
tests/test_testitems.py::test_gui_header_tooltips_present,清单「反例 / 状态」列头自带说明 tooltip,C-303,tests/test_ui_signal_list.py::test_c303_list_header_tooltips_explain_three_columns,删除·v2已补强(test_c303_…),"assert ""负向"" in w.table.horizontalHeaderItem(gui.COL_NEG).toolTip()；assert w.table.horizontalHeaderItem(gui.COL_STATUS).toolTip()；assert w.table.item(0, gui.COL_STATUS).toolTip()"
tests/test_testitems.py::test_gui_check_selected_rows_and_scope,「勾选选中行」+ 有勾选时批量作用域取勾选行,C-034;C-035,tests/test_ui_signal_list.py::test_c032_c033_c034_bottom_bar;tests/test_ui_signal_list.py::test_c035_c036_bulk_neg_confirm_when_named;tests/test_ui_signal_list.py::test_c035_neg_all_falls_back_to_visible_when_nothing_checked,删除·v2已覆盖,"assert set(checked) >= {0, 2}；assert sorted(w._scope_rows()) == sorted(checked)"
tests/test_testitems.py::test_gui_bulk_neg_scoped_to_checked,批量加反例只作用于已勾选信号,C-035,tests/test_ui_signal_list.py::test_c035_c036_bulk_neg_confirm_when_named;tests/test_ui_signal_list.py::test_c035_neg_all_falls_back_to_visible_when_nothing_checked,删除·v2已覆盖,"assert w._signal_has_negative(""d_logic_bt_lp_reserve"")；assert not any(w._signal_has_negative(o) for o in others)"
tests/test_testitems.py::test_gui_del_neg_confirms_named,删含命名反例前先确认：否不删、是才删,C-103,tests/test_ui_dialogs.py::test_dlg_confirm_c103_del_neg_names_before_count;tests/test_ui_truth_model.py::test_c096_c102_negatives_delegate_to_engine;tests/test_ui_truth_panel.py::test_c090_c095_c103_three_confirms_default_no,删除·v2已覆盖,"assert w._signal_has_named_negative(w._ti_name_low)；assert any(rd.get(""is_negative"") for rd in w._ti_rows)；assert not any(rd.get(""is_negative"") for rd in w._ti_rows)"
tests/test_testitems.py::test_gui_confirm_dup_labels_no_dups_is_silent,无重复标号时不弹确认框,C-164,tests/test_ui_migrated_c5a.py::test_c164_no_dup_labels_means_no_confirm_dialog;tests/test_ui_dialogs.py::test_dlg_dup_labels_c164_lists_label_and_two_signals;tests/test_ui_dialogs.py::test_dlg_dup_labels_c164_accepts_exports_rendered_rows;tests/test_ui_dialogs.py::test_dlg_dup_labels_c164_continue_returns_true;tests/test_ui_export_center.py::test_c164_dup_labels_confirm_before_write,删除·v2已补强(test_c164_no_dup_labels_means_no_confirm_dialog),"assert w._confirm_dup_labels({""dup_labels"": []}) is True；assert w._confirm_dup_labels({}) is True"
tests/test_testitems.py::test_skipped_detail_text_lists_names_and_reasons,完成弹窗逐个点名跳过的信号 + 原因（空原因有兜底文案、不写 CLI）,C-167;C-270;C-271,tests/test_ui_c4_integration.py::test_c4_go_fix_opens_drawer_at_cuvunf;tests/test_ui_export_center.py::test_c165_c166_c167_c199_done_dialog_order;tests/test_ui_export_center.py::test_i20_every_done_text_names_before_counts;tests/test_ui_invariants.py::test_i20_c199_c270_skipped_names_before_counts_everywhere;tests/test_ui_invariants.py::test_i13_c271_c274_no_dev_warnings_on_screen;tests/test_ui_terms_scan.py::test_c271_no_repo_path_git_or_cli_on_screen,删除·v2已覆盖,"assert ""<名>"" in text；assert ""<名>"" in text and ""wire"" in text；assert ""<名>"" in text and ""pll_n1"" in text；assert ""C = int_n：不可驱动"" in text；assert ""缺前缀强制生成"" in text and ""CLI"" not in text"
tests/test_testitems.py::test_gui_bulk_scope_excludes_hidden_checked,勾了但被筛掉(隐藏)的行不进批量作用域,C-035,tests/test_ui_migrated_c5a.py::test_c035_bulk_neg_scope_excludes_checked_but_hidden_rows;tests/test_ui_signal_list.py::test_c035_c036_bulk_neg_confirm_when_named;tests/test_ui_signal_list.py::test_c035_neg_all_falls_back_to_visible_when_nothing_checked,删除·v2已补强(test_c035_bulk_neg_scope_excludes_checked_but_hidden_rows),assert r0 in w._scope_rows()；assert r0 not in w._checked_rows()；assert r0 not in w._scope_rows()
tests/test_testitems.py::test_gui_truthtable_active_column_highlight,当前测试列整列高亮；反例列选中用更深琥珀,C-107,tests/test_ui_truth_model.py::test_c079_c107_c129_roles_states_and_current_col;tests/test_ui_truth_view.py::test_c107_current_col_highlight_roles,删除·v2已覆盖,assert w._ti_hl_col == 0；assert bg(0) == gui.HL_BG.name().lower()；assert w._ti_hl_col == negc；assert bg(negc) == gui.HL_NEG_BG.name().lower()；assert bg(0) != gui.HL_BG.name().lower()；assert bg(others[0]) == gui.NEG_BG.name().lower()
tests/test_testitems.py::test_gui_copy_shortcut_is_widget_scoped,Ctrl+D 挂在真值表上且是 WidgetShortcut,C-109;C-258,tests/test_ui_c3_integration.py::test_c109_ctrl_d_duplicates_column_only_when_grid_has_focus;tests/test_ui_truth_view.py::test_c109_c258_ctrl_d_not_while_editing,删除·v2已覆盖,"assert scs, ""应在 ti_table 上挂 Ctrl+D 的 QShortcut""；assert any(s.context() == QtCore.Qt.WidgetShortcut for s in scs)"
tests/test_testitems.py::test_gui_cascade_help_is_builtin_dialog,级联模式说明窗（程序内置 QTextBrowser 渲染 .md）,C-218;C-219;C-220,tests/test_ui_diagnostics.py::test_c218_c219_c220_cascade_retired,删除·能力退役(C-218/C-219/C-220),"assert dlg is not None and dlg.isVisible()；assert view is not None；assert ""展开上游"" in text and ""force"" in text；assert w._cascade_doc_dlg is dlg"
tests/test_testitems.py::test_gui_clear_logic_zero_tests,logic 一键清空=零用例 + build 给「清空」原因 + 重新生成恢复,C-089;C-090;C-085,tests/test_ui_truth_model.py::test_c089_c085_c094_clear_regen_fill;tests/test_ui_truth_panel.py::test_c089_c094_clear_and_auto_fill_apply_when_confirmed;tests/test_ui_dialogs.py::test_dlg_confirm_c090_clear_text_and_default_is_no;tests/test_ui_truth_panel.py::test_c090_c095_c103_three_confirms_default_no;tests/test_ui_truth_model.py::test_c085_regenerate_is_one_undo_step;tests/test_ui_truth_model.py::test_c085_regenerate_undo_restores_an_too;tests/test_ui_truth_panel.py::test_c085_to_c091_toolbar_actions_route_to_model,删除·v2已覆盖,"assert len(w._ti_rows) >= 1；assert w._ti_rows == []；assert nl in w._edited and w._edited[nl][""rows""] == []；assert sig.out_name not in {st.get(""out_name"") for _l, st in res[""blocks""]}；assert any(n == sig.out_name and ""清空"" in ""; "".join(str(x) for *_h, x in rs) for n, _a, rs in res[""skipped""])；assert len(w._ti_rows) >= 1"
tests/test_testitems.py::test_gui_signal_selection_persisted,信号勾选跨重开自动恢复,C-242,tests/test_ui_state.py::test_c242_c243_checks_persist_and_default_not_written,删除·v2已覆盖,assert set(w1._collect_checked()) == set(names)；assert set(w2._collect_checked()) == set(names)
tests/test_testitems.py::test_gui_max_tests_persisted,用例上限改动写进 settings,C-229;C-230,tests/test_ui_invariants.py::test_i02_c229_c230_five_views_and_legacy_migrates_once;tests/test_ui_state.py::test_c229_c230_coverage_keys_per_view,删除·v2已覆盖,"assert store.get(""max_tests"") == 99"
tests/test_testitems.py::test_full_config_export_import_roundtrip,完整配置导出→导入：勾选/全局档/上限/前缀/强制force/缺前缀开关全部还原,C-190;C-192;C-217;C-247;C-250,tests/test_ui_migrated_c5a.py::test_c192_c193_c217_import_config_applies_global_block;tests/test_ui_export_center.py::test_c190_c191_c192_c193_c194_c195_c247_c250_config_roundtrip;tests/test_ui_export_center.py::test_v1_parity_six_deliverables;tests/test_ui_c4_integration.py::test_c192_empty_state_import_config_opens_center_config;tests/test_ui_export_center.py::test_import_config_button_and_preselect;tests/test_providers.py::test_c217_include_risky_param_default_true_bytes_equal;tests/test_providers.py::test_provider_status_detail_tiers_need_include_risky_and_probe_prefix;tests/test_topout.py::test_c217_include_risky_param_default_true_bytes_equal;tests/test_ui_diagnostics.py::test_c217_risky_toggle_default_true_and_warns_off;tests/test_ui_state.py::test_c217_include_risky_default_true;tests/test_ui_invariants.py::test_i09_c247_c250_config_schema_frozen;tests/test_ui_state.py::test_c247_c250_config_schema_frozen,删除·v2已补强(test_c192_c193_c217_import_config_applies_global_block),"assert saved[""dreg_verify_config""] == 2；assert saved[""global""][""max_tests""] == 77；assert saved[""global""][""include_risky""] is True；assert saved[""excel""] == ""synthetic_dreg.xlsx""；assert saved[""excel_path""] == str(path)；assert nm in saved[""signals_checked""]；assert not w2.include_risky_chk.isChecked()；assert set(w2._collect_checked()) == {nm}；assert w2.max_tests.value() == 77；assert w2.coverage.currentText() == ""全面"" and w2.coverage_mux.currentText() == ""穷举""；assert w2._probe_prefixes.get(""<名>"") == ""U_X.U_Y""；assert ""<名>"" in w2._force_signals；assert w2.include_risky_chk.isChecked()"
tests/test_testitems.py::test_config_excel_mismatch_warns_but_imports,配置源表名不一致时提示但照常导入；缺 include_risky 键保持当前,C-193;C-217,tests/test_ui_migrated_c5a.py::test_c192_c193_c217_import_config_applies_global_block;tests/test_ui_dialogs.py::test_dlg_import_report_c193_c195_notes_on_top;tests/test_ui_export_center.py::test_c190_c191_c192_c193_c194_c195_c247_c250_config_roundtrip;tests/test_providers.py::test_c217_include_risky_param_default_true_bytes_equal;tests/test_providers.py::test_provider_status_detail_tiers_need_include_risky_and_probe_prefix;tests/test_topout.py::test_c217_include_risky_param_default_true_bytes_equal;tests/test_ui_diagnostics.py::test_c217_risky_toggle_default_true_and_warns_off;tests/test_ui_state.py::test_c217_include_risky_default_true,删除·v2已补强(test_c192_c193_c217_import_config_applies_global_block),"assert ""some_other_chip.xlsx"" in captured.get(""msg"", """")；assert ""synthetic_dreg.xlsx"" in captured.get(""msg"", """")；assert w.max_tests.value() == 42；assert w.include_risky_chk.isChecked() == risky_before"
tests/test_testitems.py::test_legacy_edits_import_still_merges,旧版测试项编辑文件仍能导入（合并语义）,C-192,tests/test_ui_c4_integration.py::test_c192_empty_state_import_config_opens_center_config;tests/test_ui_export_center.py::test_c190_c191_c192_c193_c194_c195_c247_c250_config_roundtrip;tests/test_ui_export_center.py::test_import_config_button_and_preselect,删除·v2已覆盖,"assert ""d_logic_bt_lp_reserve"" in w._edited"
tests/test_testitems.py::test_full_config_import_clears_stale_negatives,导入完整配置先清空：残留反例被清掉,C-192,tests/test_ui_migrated_c5a.py::test_c192_c193_c217_import_config_applies_global_block;tests/test_ui_c4_integration.py::test_c192_empty_state_import_config_opens_center_config;tests/test_ui_export_center.py::test_c190_c191_c192_c193_c194_c195_c247_c250_config_roundtrip;tests/test_ui_export_center.py::test_import_config_button_and_preselect,删除·v2已补强(test_c192_c193_c217_import_config_applies_global_block),"assert w2._signal_has_negative(nm.lower())；assert w2.table.item(rr, gui.COL_NEG).checkState() == QtCore.Qt.Unchecked；assert not w2._signal_has_negative(nm.lower())"
tests/test_testitems.py::test_legacy_logic_export_csv_rows,单信号 CSV 行序/行集合（期望(bin)/来源/负向?/force/RF_WRITE）,C-136;C-137;C-138,tests/test_ui_truth_io.py::test_c136_c137_c138_signal_csv_rows;tests/test_ui_truth_io.py::test_c136_c137_c138_signal_csv_matches_v1;tests/test_ui_truth_panel.py::test_c136_export_csv_passes_provider_edited_cov,删除·v2已覆盖,"assert n >= 1；assert labels[0] == ""信号\\测试""；assert len(text.splitlines()[0].split("","")) == n + 1；assert labels[-5:] == [""期望(bin)"", ""期望来源"", ""负向?"", ""force"", ""RF_WRITE""]；assert labels[-6].startswith(""期望(进.sv)"") and labels[-7].startswith(""auto_out"")；assert ""'h"" in rf"
tests/test_testitems.py::test_cleared_logic_stays_zero_in_negative_only_export,清空的信号在「仅负向」导出里仍是零用例,C-089;C-158,tests/test_ui_truth_model.py::test_c089_c085_c094_clear_regen_fill;tests/test_ui_truth_panel.py::test_c089_c094_clear_and_auto_fill_apply_when_confirmed;tests/test_pageviews.py::test_c158_page_sv_neg_scope_without_negatives_is_empty;tests/test_ui_export_center.py::test_c157_c158_c159_c160_c161_sv_row_options_to_exports,删除·v2已覆盖,"assert ov is not None and ov.get(nl) == []；assert sig.out_name not in {st.get(""out_name"") for _l, st in res[""blocks""]}"
tests/test_designer_expected.py::test_vector_asserted_value_priority,断言值优先级：反例错值 > 手填期望 > auto_out（引擎）,C-078;C-104,,保留·非GUI,assert v.asserted_value == 1 and not v.designer_filled；assert v2.asserted_value == 0 and v2.designer_filled and not v2.is_negative；assert v3.asserted_value == 0 and not v3.designer_filled
tests/test_designer_expected.py::test_make_vector_designer_expected_not_negative,手填期望≠auto_out 不标反例（引擎）,C-078,,保留·非GUI,assert not vec.is_negative；assert vec.exp_value == 1；assert vec.designer_expected == 0；assert vec.asserted_value == 0；assert vec.designer_filled
tests/test_designer_expected.py::test_make_vector_designer_expected_same_as_auto,手填值==auto_out 仍算手填（引擎）,C-078,,保留·非GUI,assert not vec.is_negative and vec.designer_filled；assert vec.asserted_value == vec.exp_value == 1
tests/test_designer_expected.py::test_make_vector_designer_expected_masked_to_width,手填期望按输出位宽裁剪（引擎）,C-078,,保留·非GUI,assert vec.designer_expected == 1 and vec.asserted_value == 1
tests/test_designer_expected.py::test_make_vector_unfilled_falls_back_to_auto,未填期望 → auto_out 兜底（引擎）,C-081,,保留·非GUI,assert vec.designer_expected is None and not vec.designer_filled；assert vec.asserted_value == vec.exp_value == 1
tests/test_designer_expected.py::test_negative_override_still_works,反例机制不受手填期望影响（引擎）,C-104,,保留·非GUI,assert neg.is_negative and neg.asserted_value == 0 and not neg.designer_filled
tests/test_designer_expected.py::test_make_negative_avoids_designer_expected,反例错值避开手填期望（引擎）,C-100,,保留·非GUI,"assert neg.neg_value != 5 and neg.neg_value != 10；assert V.make_negative(v2, mode=""invert"").neg_value == 10；assert V.make_negative(v3, mode=""invert"").neg_value == 0"
tests/test_designer_expected.py::test_sv_assert_uses_designer_expected,.sv 断言用手填期望（引擎）,C-132,,保留·非GUI,"assert ""==1'b0)begin"" in text；assert ""==1'b1)begin"" not in text；assert ""_NEG"" not in text and ""NEG-EXPECTED-FAIL"" not in text"
tests/test_designer_expected.py::test_sv_stats_count_designer_filled,stats/summary 统计手填条数（引擎）,C-165,,保留·非GUI,"assert st[""n_vectors""] == 3 and st[""n_negative""] == 1；assert st[""n_designer""] == 1；assert res[""summary""][""n_designer""] == 1"
tests/test_designer_expected.py::test_sv_comments_annotate_designer_filled,comments 模式给手填期望加注释（引擎）,C-159,,保留·非GUI,"assert ""designer-filled expected (matches expression value)"" in text；assert ""does not match designer intent"" in text"
tests/test_designer_expected.py::test_report_tables_have_auto_out_and_designer_flag,报告真值表带 auto_out/designer 标记（引擎）,C-173,,保留·非GUI,"assert tc[""auto_out""] == ""1"" and tc[""expected""] == ""0""；assert tc[""designer_filled""] is True and tc[""neg""] is False；assert tc[""auto_num""] == 1 and tc[""width""] == 1；assert t[""auto_label""].startswith(""auto_out"")；assert d[""auto_out""] == ""1'b1"" and d[""expected""] == ""1'b0""；assert d[""exp_src""] == ""designer手填"""
tests/test_designer_expected.py::test_report_unfilled_marks_fallback,未填期望标 auto_out兜底（引擎）,C-173,,保留·非GUI,"assert all(not tc[""designer_filled""] for tc in t[""tests""])；assert all(tc[""expected""] == tc[""auto_out""] for tc in t[""tests""])；assert all(r[""exp_src""] == ""auto_out兜底"" for r in d)"
tests/test_designer_expected.py::test_report_negative_exp_src,反例期望来源=负向(故意填错)（引擎）,C-173,,保留·非GUI,"assert neg_rows and all(r[""exp_src""] == ""负向(故意填错)"" for r in neg_rows)"
tests/test_designer_expected.py::test_html_report_has_check_tab,HTML 报告「真值表检查」tab（引擎）,C-173,,保留·非GUI,"assert 'data-tab=""chk""' in raw and ""真值表检查"" in raw and 'id=""chk""' in raw；assert 'id=""chk-body""' in raw and 'id=""tt-data""' in raw and 'id=""chk-data""' not in raw；assert 'id=""chkbtn""' in raw and 'id=""chkscore""' in raw；assert 'class=""cauto""' in html；assert ""cquiz"" in html and 'class=""cin""' in html and ""data-v="" in html；assert ""parseVal"" in raw and ""okc"" in raw and ""badc"" in raw"
tests/test_designer_expected.py::test_html_check_tab_mask_and_reanswer,检查 tab 遮盖/可改值重判（引擎）,C-173,,保留·非GUI,"assert ""function maskCell"" in html and ""function unmaskCell"" in html；assert ""data-t"" in html；assert ""color:transparent"" not in html；assert ""readOnly=true"" not in html and ""data-done"" not in html；assert ""okn--"" in html and ""badn--"" in html；assert ""classList.remove('okc','badc')"" in html"
tests/test_designer_expected.py::test_html_report_truth_table_two_rows,HTML 真值表 auto_out / 期望 两行（引擎）,C-173,,保留·非GUI,"assert 'class=""autorow""' in html；assert ""auto_out"" in html；assert 'class=""cquiz dsgn""' in html；assert ""dsgndiff"" in html；assert 'class=""cquiz fb""' in html"
tests/test_designer_expected.py::test_html_report_windowed_lazy_render,HTML 报告窗口化懒渲染（引擎）,C-173,,保留·非GUI,"assert 'id=""tt-body""></div>' in raw；assert 'id=""sum-body""></tbody>' in raw；assert 'id=""chk-data""' not in raw；assert len(blob(""tt-data"")) == len(rep[""tables""])；assert len(blob(""sum-data"")) == len(rep[""summary""])；assert len(blob(""det-data"")) == len(rep[""detail""])；assert '<div class=""ttblock"">' not in shell；assert 'class=""autorow""' not in shell；assert ('id=""%s-body""' % key) in raw and ('id=""%s-nav""' % key) in raw；assert m, ""缺少数据 blob: "" + idv；assert set((""h"", ""t"", ""o"", ""n"")) <= set(it.keys())"
tests/test_designer_expected.py::test_html_report_initial_render,HTML 报告首屏渲染（引擎）,C-173,,保留·非GUI,"assert ""function boot()"" in raw；assert re.search(r""\bboot\(\);"", raw)；assert ""render(active)"" in raw"
tests/test_designer_expected.py::test_html_check_toggle_perf,HTML 检查分帧调度 + 表头不 sticky（引擎）,C-173,,保留·非GUI,"assert ""requestAnimationFrame"" in raw；assert ""function step()"" in raw and ""chkJob"" in raw；assert "".tt thead th{position:static"" in raw；assert ""thead th{position:sticky"" in raw；assert ""content-visibility:auto"" in raw and ""contain-intrinsic-size"" in raw"
tests/test_designer_expected.py::test_html_report_no_owner_filter,HTML 报告「（无 owner）」复选项（引擎）,C-173,,保留·非GUI,"assert ('<label><input type=""checkbox"" class=""ownerck"" value=""__no_owner__"">（无 owner） ×%d</label>' % n_blank) in raw；assert 'id=""ownerbox""' in raw and 'class=""ownerck""' in raw"
tests/test_designer_expected.py::test_html_report_no_owner_filter_absent_when_all_owned,全有 owner 时不出该项（引擎）,C-173,,保留·非GUI,"assert 'value=""__no_owner__""' not in raw"
tests/test_designer_expected.py::test_html_report_owner_multi_select_markup,HTML 报告 owner 多选浮层（引擎）,C-173,,保留·非GUI,"assert '<select id=""owner"">' not in raw；assert 'id=""ownerbox""' in raw and 'id=""ownerbtn""' in raw and 'id=""ownerclr""' in raw；assert '<input type=""checkbox"" class=""ownerck"" value=""Amy"">Amy</label>' in raw；assert '<input type=""checkbox"" class=""ownerck"" value=""Bob"">Bob</label>' in raw；assert ""ownerSel"" in raw and ""readOwnerSel"" in raw"
tests/test_designer_expected.py::test_csv_report_detail_has_auto_out_column,CSV 明细含 auto_out 与期望来源列（引擎）,C-174,,保留·非GUI,"assert ""auto_out(表达式计算)"" in content and ""期望来源"" in content；assert ""auto_out兜底"" in content"
tests/test_designer_expected.py::test_gui_truth_table_split_rows,真值表 = 输入行 + auto_out 只读行 + 期望可编辑行,C-073;C-077;C-078,tests/test_ui_truth_model.py::test_c073_c074_c077_shape_rows_are_inputs_plus_auto_plus_exp;tests/test_ui_truth_model.py::test_c078_c080_c081_exp_and_auto_recompute;tests/test_ui_truth_model.py::test_c078_designer_expected_equal_to_auto_is_recorded,删除·v2已覆盖,"assert w.ti_table.rowCount() == G + 2；assert w.R_AUTO == G and w.R_EXP == G + 1；assert w.ti_table.verticalHeaderItem(w.R_AUTO).text().startswith(""auto_out"")；assert ""期望"" in w.ti_table.verticalHeaderItem(w.R_EXP).text()；assert not (auto_it.flags() & QtCore.Qt.ItemIsEditable)；assert auto_it.text() != """"；assert exp_it.flags() & QtCore.Qt.ItemIsEditable；assert exp_it.text() == """""
tests/test_designer_expected.py::test_gui_fill_expected_not_negative,手填期望(≠auto)不标反例；清空恢复兜底并落到 .sv,C-078;C-081;C-132,tests/test_ui_truth_model.py::test_c078_c080_c081_exp_and_auto_recompute;tests/test_ui_truth_model.py::test_c078_designer_expected_equal_to_auto_is_recorded;tests/test_ui_truth_view.py::test_delete_clears_selected_expected_cells_in_one_undo;tests/test_ui_sv_preview.py::test_c072_c132_dirty_on_edit_and_config;tests/test_ui_truth_model.py::test_c132_edit_roundtrip_matches_v1;tests/test_ui_truth_model.py::test_c132_dft_pitch_col_is_readonly_in_v2,删除·v2已覆盖,"assert rd[""designer_expected""] == wrong_of_auto；assert not rd[""is_negative""]；assert rd[""expected""] == wrong_of_auto；assert rd[""correct""] == auto；assert ""d_logic_bt_lp_reserve"" in w._customized；assert (""==1'b%d)begin"" % wrong_of_auto) in text；assert ""T0_NEG"" not in text；assert rd[""designer_expected""] is None；assert rd[""expected""] == auto"
tests/test_designer_expected.py::test_gui_neg_row_expected_still_wrong_value,反例列的期望行编辑=改错值,C-104,tests/test_ui_truth_model.py::test_c104_neg_broken_kept,删除·v2已覆盖,"assert rd[""expected""] != correct；assert rd[""is_negative""]；assert rd[""wrong_value""] == (correct & 1)；assert rd[""expected""] != correct；assert rd.get(""designer_expected"") is None"
tests/test_designer_expected.py::test_gui_auto_fill_button,「auto→期望」只填未填列，已填/反例不动 + 进度,C-094;C-106,tests/test_ui_truth_model.py::test_c089_c085_c094_clear_regen_fill;tests/test_ui_truth_panel.py::test_c089_c094_clear_and_auto_fill_apply_when_confirmed;tests/test_ui_c3_integration.py::test_c106_truth_progress_syncs_tab_and_header;tests/test_ui_detail_header.py::test_c106_progress_label_and_diff;tests/test_ui_detail_header.py::test_c106_progress_pushed_from_truth_model;tests/test_ui_truth_model.py::test_c106_fill_progress;tests/test_ui_truth_model.py::test_c106_progress_emitted_after_every_write;tests/test_ui_truth_panel.py::test_c106_progress_signal_forwarded,删除·v2已覆盖,"assert (""期望已手填 %d/%d"" % (n_pos, n_pos)) in w.ti_header.text()；assert rd[""designer_expected""] is not None；assert rd[""designer_expected""] == hand_val；assert rd[""designer_expected""] == rd[""correct""]"
tests/test_designer_expected.py::test_gui_header_fill_progress,编辑器头部手填进度 X/Y,C-106,tests/test_ui_c3_integration.py::test_c106_truth_progress_syncs_tab_and_header;tests/test_ui_detail_header.py::test_c106_progress_label_and_diff;tests/test_ui_detail_header.py::test_c106_progress_pushed_from_truth_model;tests/test_ui_truth_model.py::test_c106_fill_progress;tests/test_ui_truth_model.py::test_c106_progress_emitted_after_every_write;tests/test_ui_truth_panel.py::test_c106_progress_signal_forwarded,删除·v2已覆盖,"assert (""期望已手填 0/%d"" % n_pos) in w.ti_header.text()；assert (""期望已手填 1/%d"" % n_pos) in w.ti_header.text()"
tests/test_designer_expected.py::test_gui_copy_column_carries_designer_expected,复制列把手填期望一并带走,C-087,tests/test_ui_truth_model.py::test_c086_c087_c088_c093_column_ops;tests/test_ui_truth_panel.py::test_c085_to_c091_toolbar_actions_route_to_model,删除·v2已覆盖,"assert w._ti_rows[1].get(""designer_expected"") == w._ti_rows[0][""designer_expected""]"
tests/test_designer_expected.py::test_gui_mux_readonly_two_rows,mux 表也拆 auto_out / 期望两行,C-073,tests/test_ui_truth_model.py::test_c073_c074_c077_shape_rows_are_inputs_plus_auto_plus_exp,删除·v2已覆盖,"assert ""auto_out"" in labels and any(""期望"" in x for x in labels)"
tests/test_designer_expected.py::test_serialize_rows_roundtrip,rowdict 序列化往返：留用户意图、丢计算字段,C-235;C-301,tests/test_ui_state.py::test_c300_c235_bucket_merge_preserves_legacy;tests/test_ui_invariants.py::test_i10_c301_c302_zero_values_survive_roundtrip;tests/test_ui_state.py::test_c301_zero_values_survive_roundtrip;tests/test_edits.py::test_serialize_rows_drops_computed_fields,删除·v2已覆盖,"assert back[0][""base_values""] == {""a"": 1, ""b"": 0}；assert back[0][""designer_expected""] == 1 and back[0][""kind""] == ""pos""；assert ""correct"" not in back[0] and ""_vec"" not in back[0]；assert back[1][""kind""] == ""neg"" and back[1][""wrong_value""] == 1；assert back[1][""name""] == ""my_neg"" and back[1][""user_added""]；assert back[2].get(""designer_expected"") is None"
tests/test_designer_expected.py::test_gui_edits_persist_across_reload,编辑(含手填期望/反例)跨重开持久化并落到 .sv,C-234;C-241,tests/test_ui_state.py::test_c234_load_restores_view_edits_and_checks;tests/test_ui_state.py::test_c238_c239_c240_c241_restore_report,删除·v2已覆盖,"assert os.path.isfile(edits_path)；assert ""d_logic_bt_lp_reserve"" in w2._customized；assert len(w2._ti_rows) == n_rows；assert w2._ti_rows[0][""designer_expected""] == hand_val；assert not w2._ti_rows[0][""is_negative""]；assert any(rd.get(""kind"") == ""neg"" for rd in w2._ti_rows)；assert w2.table.item(row, gui.COL_NEG).checkState() == QtCore.Qt.Checked；assert (""==1'b%d)begin"" % hand_val) in text"
tests/test_designer_expected.py::test_gui_regen_clears_persisted,重新生成 → 持久化同步清掉，重开不恢复,C-085;C-241,tests/test_ui_truth_model.py::test_c089_c085_c094_clear_regen_fill;tests/test_ui_truth_model.py::test_c085_regenerate_is_one_undo_step;tests/test_ui_truth_model.py::test_c085_regenerate_undo_restores_an_too;tests/test_ui_truth_panel.py::test_c085_to_c091_toolbar_actions_route_to_model;tests/test_ui_state.py::test_c238_c239_c240_c241_restore_report,删除·v2已覆盖,"assert json.load(open(edits_path, encoding=""utf-8""))；assert not data.get(str(path), {}).get(""edits"")"
tests/test_designer_expected.py::test_gui_export_import_edits_bucket,导出/导入编辑桶：手填期望/反例回来，找不到的点名,C-192;C-194;C-234,tests/test_ui_c4_integration.py::test_c192_empty_state_import_config_opens_center_config;tests/test_ui_export_center.py::test_c190_c191_c192_c193_c194_c195_c247_c250_config_roundtrip;tests/test_ui_export_center.py::test_import_config_button_and_preselect;tests/test_ui_c2_integration.py::test_c194_export_import_missing_names_come_before_the_count;tests/test_ui_c2_integration.py::test_c194_import_report_dialog_puts_names_above_the_count;tests/test_ui_dialogs.py::test_dlg_import_report_c194_names_and_reasons_before_counts;tests/test_ui_dialogs.py::test_dlg_import_report_c194_long_list_is_capped;tests/test_ui_state.py::test_c234_load_restores_view_edits_and_checks,删除·v2已覆盖,"assert n == 1；assert ""ghost_signal_not_in_excel"" in missing；assert ""d_logic_bt_lp_reserve"" in w2._edited；assert rows[0][""designer_expected""] is not None"
tests/test_designer_expected.py::test_set_negatives_preserves_designer_expected,加反例重建行列表时正向行手填期望原样保留,C-101;C-153,tests/test_ui_truth_model.py::test_c096_c102_negatives_delegate_to_engine;tests/test_ui_truth_panel.py::test_c101_c122_all_positive_negatives_share_one_path;tests/test_ui_coverage.py::test_c152_c153_c154_recompute_rules,删除·v2已覆盖,"assert pos0[""designer_expected""] == hand_val"
tests/test_designer_expected.py::test_mux_assign_key_stable,mux 取值键与插入顺序无关、值变即键变（引擎）,C-114,,保留·非GUI,assert k1 == k2 and k1 != k3
tests/test_designer_expected.py::test_apply_mux_expected,apply_mux_expected 按键对号入座、对不上的丢弃（引擎）,C-114,,保留·非GUI,assert v_pos.designer_expected == 7 and v_pos.asserted_value == 7；assert v_neg.designer_expected is None
tests/test_designer_expected.py::test_mux_expected_flows_to_sv,mux 手填期望 → build 断言（引擎）,C-114;C-132,,保留·非GUI,"assert (""==%s)begin"" % W.fmt_bin(wrong, v0.exp_width)) in text；assert blk[1][""n_designer""] == 1；assert ""T0_NEG"" not in text"
tests/test_designer_expected.py::test_mux_expected_in_report,mux 手填期望反映到 report（引擎）,C-114;C-173,,保留·非GUI,"assert tc0[""designer_filled""] is True；assert tc0[""expected""] != tc0[""auto_out""]；assert d0[""exp_src""] == ""designer手填"""
tests/test_designer_expected.py::test_mux_expected_stale_key_dropped,键对不上 → 期望丢弃不张冠李戴（引擎）,C-114,,保留·非GUI,"assert blk[1][""n_designer""] == 0"
tests/test_designer_expected.py::test_gui_mux_expected_editable,mux 期望行可手填 → 存键 → .sv 用它；清空恢复兜底,C-114;C-078,tests/test_ui_truth_model.py::test_c114_mux_keyed_expected_survives_resync;tests/test_ui_truth_model.py::test_c078_c080_c081_exp_and_auto_recompute;tests/test_ui_truth_model.py::test_c078_designer_expected_equal_to_auto_is_recorded,删除·v2已覆盖,"assert exp_it.flags() & QtCore.Qt.ItemIsEditable；assert exp_it.text() == """"；assert w._ti_mux_vecs[0].designer_expected == wrong；assert generator.mux_assign_key(v0.assignments) in w._mux_expected[name_low]；assert (""==%s)begin"" % W.fmt_bin(wrong, v0.exp_width)) in text；assert ""期望已手填 1/"" in w.ti_header.text()；assert w._ti_mux_vecs[0].designer_expected is None；assert not w._mux_expected"
tests/test_designer_expected.py::test_gui_mux_cov_hint_shows_count,选中 mux 信号时用例数提示与手填进度同步,C-133;C-106,tests/test_ui_coverage.py::test_c133_case_count_label;tests/test_ui_c3_integration.py::test_c106_truth_progress_syncs_tab_and_header;tests/test_ui_detail_header.py::test_c106_progress_label_and_diff;tests/test_ui_detail_header.py::test_c106_progress_pushed_from_truth_model;tests/test_ui_truth_model.py::test_c106_fill_progress;tests/test_ui_truth_model.py::test_c106_progress_emitted_after_every_write;tests/test_ui_truth_panel.py::test_c106_progress_signal_forwarded,删除·v2已覆盖,"assert (""当前信号 %d 条"" % n) in w.cov_hint.text()；assert ""期望已手填 1"" in w.cov_hint.text()；assert ""当前信号"" in w.cov_hint.text()；assert (""当前信号 %d 条"" % n) in w.cov_hint.text()"
tests/test_designer_expected.py::test_gui_mux_sig_cov_header_after_exp_edit,mux 单点档下手填期望后头部仍按单点档,C-124;C-147,tests/test_ui_truth_panel.py::test_c124_c125_c126_mux_header_strip;tests/test_ui_coverage.py::test_c147_c149_sig_cov_roundtrip_no_recompute,删除·v2已覆盖,"assert w._sig_cov.get(grp.out_name.lower()) == ""exhaustive""；assert ""覆盖度=穷举·单点"" in w.ti_header.text()；assert (""测试 %d 个"" % n) in w.ti_header.text()"
tests/test_designer_expected.py::test_gui_mux_auto_fill_button,「auto→期望」对 mux 也生效（只填未填）,C-094,tests/test_ui_truth_model.py::test_c089_c085_c094_clear_regen_fill;tests/test_ui_truth_panel.py::test_c089_c094_clear_and_auto_fill_apply_when_confirmed,删除·v2已覆盖,"assert all(v.designer_expected is not None for v in w._ti_mux_vecs)；assert (""期望已手填 %d/%d"" % (n, n)) in w.ti_header.text()；assert len(w._mux_expected[name_low]) == n"
tests/test_designer_expected.py::test_gui_mux_export_csv,mux 导出 CSV 与 logic 同真值表排版,C-139,tests/test_ui_truth_io.py::test_c139_mux_csv_matches_sv_vectors;tests/test_ui_truth_io.py::test_c139_mux_columns_fall_back_without_provider;tests/test_ui_truth_panel.py::test_c136_export_csv_passes_provider_edited_cov;tests/test_ui_truth_panel.py::test_c139_export_says_so_when_mux_product_missing,删除·v2已覆盖,"assert n >= 1；assert w._ti_btns[""导出CSV""].isEnabled()；assert os.path.exists(out)；assert header[0] == ""信号\\测试"" and len(header) == n + 1；assert any(l.startswith(""auto_out"") for l in labels)；assert any(l.startswith(""期望(进.sv)"") for l in labels)；assert any(""(数据)"" in l or ""(控制)"" in l for l in labels)；assert must in labels"
tests/test_designer_expected.py::test_gui_mux_export_csv_includes_negative,mux 导出 CSV 忠于产物：勾了反例就带反例列,C-139,tests/test_ui_truth_io.py::test_c139_mux_csv_matches_sv_vectors;tests/test_ui_truth_io.py::test_c139_mux_columns_fall_back_without_provider;tests/test_ui_truth_panel.py::test_c136_export_csv_passes_provider_edited_cov;tests/test_ui_truth_panel.py::test_c139_export_says_so_when_mux_product_missing,删除·v2已覆盖,"assert sum(1 for v in w._ti_mux_vecs if v.is_negative) == 1；assert len(header) == n_cols + 1；assert any(l.endswith(""_NEG"") for l in header[1:])；assert neg_row.count(""是"") == 1"
tests/test_designer_expected.py::test_gui_mux_expected_persists,mux 手填期望持久化 + .sv 用恢复值,C-114;C-234;C-241,tests/test_ui_truth_model.py::test_c114_mux_keyed_expected_survives_resync;tests/test_ui_state.py::test_c234_load_restores_view_edits_and_checks;tests/test_ui_state.py::test_c238_c239_c240_c241_restore_report,删除·v2已覆盖,"assert w2._mux_expected；assert w2._ti_mux_vecs[0].designer_expected == wrong；assert (""==%s)begin"" % W.fmt_bin(wrong, v0.exp_width)) in text"
tests/test_designer_expected.py::test_gui_column_width_preserved_after_repopulate,手拖列宽重建后保留；换信号恢复自适应,C-108,tests/test_ui_truth_view.py::test_c108_column_width_kept_after_edit_and_insert;tests/test_ui_truth_view.py::test_c108_reload_signal_restores_auto_fit,删除·v2已覆盖,assert not w._ti_user_widths；assert w._ti_user_widths；assert w.ti_table.columnWidth(0) == 222；assert w.ti_table.columnWidth(0) == 222；assert not w._ti_user_widths
tests/test_designer_expected.py::test_gui_column_width_min_size,列有最小宽度,C-108,tests/test_ui_truth_view.py::test_c108_column_width_kept_after_edit_and_insert;tests/test_ui_truth_view.py::test_c108_reload_signal_restores_auto_fit,删除·v2已覆盖,assert w.ti_table.horizontalHeader().minimumSectionSize() >= 44；assert all(w.ti_table.columnWidth(c) >= 44 for c in range(w.ti_table.columnCount()))
tests/test_designer_expected.py::test_gui_mux_column_width_preserved,mux 表同样保留手动列宽,C-108,tests/test_ui_truth_view.py::test_c108_column_width_kept_after_edit_and_insert;tests/test_ui_truth_view.py::test_c108_reload_signal_restores_auto_fit,删除·v2已覆盖,assert w._ti_user_widths；assert w.ti_table.columnWidth(0) == 200
tests/test_mux_wl_gui.py::test_append_to_logic_toggle_gui,全局「logic 输出加尾缀」开关,C-225,tests/test_ui_invariants.py::test_i09_c247_c250_config_schema_frozen;tests/test_ui_migrated_c5a.py::test_c192_c193_c217_import_config_applies_global_block,删除·能力退役(C-225),"assert w.append_to_logic_chk.isChecked()；assert w._opts([""pll_n1""]).append_to_logic is True；assert w._resolver.append_to_logic is True；assert sig.rtl_name == ""pll_n1_to_logic[31:0]""；assert w._resolver.append_to_logic is False；assert w._opts([""pll_n1""]).append_to_logic is False；assert sig.rtl_name == ""pll_n1[31:0]""；assert w._resolver.append_to_logic is True；assert sig.rtl_name == ""pll_n1_to_logic[31:0]"""
tests/test_mux_wl_gui.py::test_append_to_logic_config_roundtrip,append_to_logic 进配置导入导出,C-225;C-190,tests/test_ui_invariants.py::test_i09_c247_c250_config_schema_frozen;tests/test_ui_migrated_c5a.py::test_c192_c193_c217_import_config_applies_global_block;tests/test_ui_export_center.py::test_c190_c191_c192_c193_c194_c195_c247_c250_config_roundtrip;tests/test_ui_export_center.py::test_v1_parity_six_deliverables,删除·能力退役(C-225),"assert cfg[""global""][""append_to_logic""] is False；assert sig.rtl_name == ""pll_n1_to_logic[31:0]""；assert w.append_to_logic_chk.isChecked() is False；assert w._resolver.append_to_logic is False；assert w._opts([""pll_n1""]).append_to_logic is False；assert sig.rtl_name == ""pll_n1[31:0]""；assert w.append_to_logic_chk.isChecked() is True"
tests/test_mux_wl_gui.py::test_export_nets_gui,GUI 导出 nets.txt（可被 scan_rtl 解析、含 mux 探针网）,C-185;C-186,tests/test_ui_c4_integration.py::test_c4_step1_opens_export_center_preselect_nets;tests/test_ui_export_center.py::test_c185_c186_c187_c188_c189_nets_purpose_and_pages;tests/test_ui_export_center.py::test_v1_parity_six_deliverables;tests/test_exports.py::test_c186_nets_by_purpose_three_cats;tests/test_exports.py::test_c186_nets_by_purpose_guessed_is_not_empty_on_wl,删除·v2已覆盖,"assert sig.rtl_name == ""pll_n1[31:0]""；assert out.exists()；assert nets, ""nets.txt 应非空""；assert mux_bases & set(nets), ""应导出 mux 输出探针网（mux 三类网并入）""；assert sig.rtl_name == ""pll_n1[31:0]"""
tests/test_mux_wl_gui.py::test_level_shift_prefix_hint_gui,level_shift 顶层 _ls 口在探针前缀列有提示、无需配置,C-019,tests/test_ui_signal_list.py::test_c019_prefix_cell_marks_level_shift_port,删除·v2已覆盖,"assert ""level_shift"" in refbuf_txt and ""d_en_refbuf_ls"" in refbuf_txt；assert ""level_shift"" not in _prefix_text(""d_plain"")"
tests/test_mux_wl_gui.py::test_wl_gui_all_mux_groups_present,5 个 mux 组混排进清单、type=mux,C-012,tests/test_ui_signal_list.py::test_c012_kind_column_labels,删除·v2已覆盖,"assert len(mux_groups) == 5；assert bases == {""d_wl_rf_lna_gain"", ""d_wl_rf_bwctrl"", ""d_wl_rf_tx_bwctrl"", ""d_wl_rf_tx_rc_code"", ""d_wl_rf_dpd_path""}"
tests/test_mux_wl_gui.py::test_wl_gui_status_bare_probe,top_out=0 且没配前缀 → 状态 bare-probe 且不阻断,C-016,tests/test_analysis_norm_c0.py::test_c016_status_detail_keys_match_terms;tests/test_analysis_norm_c0.py::test_c016_status_detail_eight_grades;tests/test_analysis_norm_c0.py::test_c016_status_detail_probe_prefix_clears_bare_probe;tests/test_analysis_norm_c0.py::test_c016_status_detail_never_reads_issue_text;tests/test_ui_c4_integration.py::test_c4_reason_block_go_diag_opens_drawer_at_symptom;tests/test_ui_signal_list.py::test_c015_c016_click_status_expands_reason_row;tests/test_ui_signal_list.py::test_c016_status_tooltip_covers_eight_grades,删除·v2已覆盖,"assert st == ""bare-probe"", ""%s 状态应为 bare-probe，实际 %s"" % (base, st)；assert w._analysis[i][""blocking""] is False"
tests/test_mux_wl_gui.py::test_wl_gui_status_column_info_blue_not_red,状态列「输出裸名·已生成」信息色蓝 + tooltip 全文,C-014;C-016,tests/test_ui_signal_list.py::test_c014_status_column_four_tones;tests/test_analysis_norm_c0.py::test_c016_status_detail_keys_match_terms;tests/test_analysis_norm_c0.py::test_c016_status_detail_eight_grades;tests/test_analysis_norm_c0.py::test_c016_status_detail_probe_prefix_clears_bare_probe;tests/test_analysis_norm_c0.py::test_c016_status_detail_never_reads_issue_text;tests/test_ui_c4_integration.py::test_c4_reason_block_go_diag_opens_drawer_at_symptom;tests/test_ui_signal_list.py::test_c015_c016_click_status_expands_reason_row;tests/test_ui_signal_list.py::test_c016_status_tooltip_covers_eight_grades,删除·v2已覆盖,"assert cell.text() == G.STATUS_LABEL[""bare-probe""]；assert cell.foreground().color() == QtGui.QColor(""#2a7ab0"")；assert ""scan_rtl"" in cell.toolTip()"
tests/test_mux_wl_gui.py::test_wl_gui_status_prefix_configured_clean,配好探针前缀后状态转 clean,C-016;C-200,tests/test_analysis_norm_c0.py::test_c016_status_detail_keys_match_terms;tests/test_analysis_norm_c0.py::test_c016_status_detail_eight_grades;tests/test_analysis_norm_c0.py::test_c016_status_detail_probe_prefix_clears_bare_probe;tests/test_analysis_norm_c0.py::test_c016_status_detail_never_reads_issue_text;tests/test_ui_c4_integration.py::test_c4_reason_block_go_diag_opens_drawer_at_symptom;tests/test_ui_signal_list.py::test_c015_c016_click_status_expands_reason_row;tests/test_ui_signal_list.py::test_c016_status_tooltip_covers_eight_grades;tests/test_ui_diagnostics.py::test_c200_c201_c202_c203_c204_c205_prefix_editor_roundtrip_and_keeps_checks,删除·v2已覆盖,"assert w._analysis[i][""status""] == ""clean"""
tests/test_mux_wl_gui.py::test_wl_gui_reg_ctrl_role,mux 输入表控制行角色「寄存器直出 / 线控」,C-060,tests/test_analysis_norm_c0.py::test_c060_an_ctrl_keys_missing;tests/test_inputs_table.py::test_c060_mux_ctrl_binding_and_missing_keys;tests/test_topout.py::test_c060_mux_ctrl_has_binding;tests/test_ui_side_panel.py::test_c060_mux_control_roles_split_by_source,删除·v2已覆盖,"assert w.ti_inputs.rowCount() > 0；assert any(""寄存器直出"" in x for x in roles), roles；assert ""B"" in letters, letters；assert any(""线控"" in x for x in roles), roles"
tests/test_mux_wl_gui.py::test_wl_gui_multi_ctrl_rows,多控制 mux：2 个控制行 + 上游 mux 配方行,C-060,tests/test_analysis_norm_c0.py::test_c060_an_ctrl_keys_missing;tests/test_inputs_table.py::test_c060_mux_ctrl_binding_and_missing_keys;tests/test_topout.py::test_c060_mux_ctrl_has_binding;tests/test_ui_side_panel.py::test_c060_mux_control_roles_split_by_source,删除·v2已覆盖,"assert n_ctrl >= 2, roles；assert any(""上游mux配方"" in x for x in roles), roles；assert any(""经上游mux"" in x for x in roles), roles"
tests/test_mux_wl_gui.py::test_wl_gui_header_multi_ctrl_desc,"多控制 mux 头部 case 描述 {c1,c2}",C-124,tests/test_ui_truth_panel.py::test_c124_c125_c126_mux_header_strip,删除·v2已覆盖,"assert ""{d_wl_rf_rc_code_lut_en,d_wl_rf_bwctrl}"" in txt, txt；assert ""无另一条控制路径概念"" in w.ti_header.text()"
tests/test_mux_wl_gui.py::test_wl_gui_cascade_truth_table_rendered,mux 级联组真值表照常渲染,C-073,tests/test_ui_truth_model.py::test_c073_c074_c077_shape_rows_are_inputs_plus_auto_plus_exp,删除·v2已覆盖,"assert w._ti_mux_sig is grp；assert w.ti_table.columnCount() > 0, ""级联组真值表应渲染出向量列""；assert w.ti_table.rowCount() > 0；assert ""无法生成测试"" not in w.ti_header.text()；assert ""互异值分配失败"" not in w.ti_header.text()"
tests/test_mux_wl_gui.py::test_per_signal_suffix_override_gui,本信号「探尾缀网」单点开关,C-226,tests/test_ui_invariants.py::test_i09_c247_c250_config_schema_frozen,删除·能力退役(C-226),"assert w.suffix_chk.isEnabled()；assert w.suffix_chk.isChecked() is False；assert grp.rtl_name == ""d_wl_rf_lna_gain[2:0]""；assert grp.rtl_name == ""d_wl_rf_lna_gain_to_logic[2:0]""；assert w._suffix_override.get(key) is True；assert w._opts([""d_wl_rf_lna_gain""]).suffix_override.get(key) is True；assert grp.rtl_name == ""d_wl_rf_lna_gain[2:0]""；assert key not in w._suffix_override"
tests/test_mux_wl_gui.py::test_append_to_mux_global_drives_default,全局「mux 加尾缀」开关驱动单点默认,C-225;C-226,tests/test_ui_invariants.py::test_i09_c247_c250_config_schema_frozen;tests/test_ui_migrated_c5a.py::test_c192_c193_c217_import_config_applies_global_block,删除·能力退役(C-225/C-226),"assert w.append_to_mux_chk.isChecked() is False；assert w.suffix_chk.isChecked() is False；assert grp.rtl_name == ""d_wl_rf_lna_gain[2:0]""；assert grp.rtl_name == ""d_wl_rf_lna_gain_to_logic[2:0]""；assert w.suffix_chk.isChecked() is True；assert grp.rtl_name == ""d_wl_rf_lna_gain_to_logic[2:0]"""
tests/test_mux_wl_gui.py::test_suffix_setting_does_not_freeze_coverage,设尾缀不把信号变成自定义、不冻结覆盖度,C-226,tests/test_ui_invariants.py::test_i09_c247_c250_config_schema_frozen,删除·能力退役(C-226),"assert key in w._suffix_override；assert key not in w._customized；assert key not in w._sig_cov；assert w._sig_cov_collapsed(grp) == ""min""；assert w._sig_cov_collapsed(grp) == ""exhaustive"""
tests/test_mux_wl_gui.py::test_wl_gui_lna_gain_truth_table,寄存器直出控制的 mux 组真值表渲染,C-073,tests/test_ui_truth_model.py::test_c073_c074_c077_shape_rows_are_inputs_plus_auto_plus_exp,删除·v2已覆盖,assert w.ti_table.columnCount() > 0；assert w.ti_table.rowCount() > 0
tests/test_mux_wl_gui.py::test_wl_gui_filter_text_no_crash,搜索框对 mux 组不崩,C-030,tests/test_ui_filter_bar.py::test_c030_c031_regex_search_reports_visible_and_by_input,删除·v2已覆盖,assert not w.table.isRowHidden(row)
tests/test_mux_wl_gui.py::test_wl_gui_filter_by_input_name,按输入信号名搜索能命中 mux 组,C-030;C-031,tests/test_ui_filter_bar.py::test_c030_c031_regex_search_reports_visible_and_by_input,删除·v2已覆盖,assert not w.table.isRowHidden(row)
tests/test_mux_wl_gui.py::test_lpbt_gui_unchanged,LPBT 表信号数/状态/输入表角色不变,C-012;C-060;C-061,tests/test_ui_signal_list.py::test_c012_kind_column_labels;tests/test_analysis_norm_c0.py::test_c060_an_ctrl_keys_missing;tests/test_inputs_table.py::test_c060_mux_ctrl_binding_and_missing_keys;tests/test_topout.py::test_c060_mux_ctrl_has_binding;tests/test_ui_side_panel.py::test_c060_mux_control_roles_split_by_source;tests/test_ui_side_panel.py::test_c061_mux_data_registers_collapsed_with_case_label,删除·v2已覆盖,"assert len(w.signals) == 5；assert len(mux_idx) == 2；assert w._analysis[mux_idx[0]][""status""] == ""clean""；assert any(""line路径"" in x for x in roles), roles；assert any(""local路径"" in x for x in roles), roles；assert sum(1 for x in roles if ""数据寄存器"" in x) == 3, roles"
tests/test_mux_wl_gui.py::test_lpbt_gui_header_single_ctrl,单控制 mux 头部 case 描述用基名,C-124,tests/test_ui_truth_panel.py::test_c124_c125_c126_mux_header_strip,删除·v2已覆盖,"assert ""case(d_logic_bt_lp_lna_agc)"" in txt, txt；assert ""另一路径抽测"" in txt"
tests/test_mux_wl_gui.py::test_gui_filter_no_owner,owner 多选菜单「（无 owner）×N」筛选,C-025,tests/test_ui_filter_bar.py::test_c024_c025_c026_c027_owner_menu,删除·v2已覆盖,"assert n_blank >= 2；assert G.NO_OWNER in w._owner_acts；assert act.text() == ""%s ×%d"" % (G.NO_OWNER, n_blank)；assert w._owner_filter == {G.NO_OWNER}；assert w._owner_filter == set()；assert w.owner_btn.text() == ""全部 owner""；assert w.table.isRowHidden(r) == bool(s.owner), s.out_name"
tests/test_mux_wl_gui.py::test_gui_filter_no_owner_absent_when_all_owned,全有 owner 时不出「（无 owner）」项,C-025,tests/test_ui_filter_bar.py::test_c024_c025_c026_c027_owner_menu,删除·v2已覆盖,assert G.NO_OWNER not in w._owner_acts
tests/test_mux_wl_gui.py::test_gui_filter_owner_multi_select,owner 多选 OR 筛 + 按钮文字带计数,C-024;C-026,tests/test_ui_filter_bar.py::test_c024_c025_c026_c027_owner_menu,删除·v2已覆盖,"assert ""Amy"" in w._owner_acts and ""Bob"" in w._owner_acts；assert w._owner_filter == {""Amy"", ""Bob""}；assert ""×2"" in w.owner_btn.text()；assert w._owner_filter == {""Bob""}；assert w.owner_btn.text() == ""owner: Bob""；assert w.table.isRowHidden(r) == (s.owner not in (""Amy"", ""Bob"")), (s.out_name, s.owner)"
tests/test_mux_wl_gui.py::test_wl_gui_mux_negatives_persist_across_reload,mux 反例勾选跨重开持久化,C-023;C-234,tests/test_ui_signal_list.py::test_c022_c023_check_and_neg_columns_write_state;tests/test_ui_state.py::test_set_neg_adds_one_and_reports_skipped;tests/test_ui_state.py::test_c234_load_restores_view_edits_and_checks,删除·v2已覆盖,"assert set(w1._mux_neg) == mux_lower；assert {n.lower() for n in w2._mux_neg_checked()} == mux_lower；assert g0.out_name.lower() not in w2._mux_neg；assert cell.checkState() == QtCore.Qt.Checked, s.out_name；assert cell.checkState() == want, s.out_name"
tests/test_mux_wl_gui.py::test_b1_mux_buttons_all_enabled_peer_with_logic,选 mux 时编辑按钮全可用 + tooltip 换 mux 语义,C-134;C-135,tests/test_ui_truth_model.py::test_c134_editable_kind_empty_means_readonly;tests/test_ui_truth_panel.py::test_c134_c135_buttons_disabled_and_mux_tips,删除·v2已覆盖,"assert w._ti_mux_sig is mux and w._ti_sig is None；assert ""mux"" in w._ti_btns[""加正向列""].toolTip()；assert ""case"" in w._ti_btns[""加正向列""].toolTip()；assert w._ti_sig is logic；assert w._ti_btns[""加正向列""].isEnabled()；assert ""mux："" not in w._ti_btns[""加正向列""].toolTip()；assert w._ti_btns[t].isEnabled(), t"
tests/test_mux_wl_gui.py::test_b1_cascade_toggle_rerenders_mux,切级联模式 → mux 真值表重渲,C-223,tests/test_ui_diagnostics.py::test_c218_c219_c220_cascade_retired,删除·能力退役(C-223),assert w._ti_mux_sig is mux；assert calls and calls[-1] is mux
tests/test_mux_wl_gui.py::test_cascade_decouple_gui,logic/mux 级联解耦 + 本信号级联,C-223;C-224,tests/test_ui_diagnostics.py::test_c218_c219_c220_cascade_retired,删除·能力退役(C-223/C-224),"assert w._logic_cascade() == ""cone"" and w._mux_cascade() == ""cone""；assert w._mux_cascade() == ""force"" and w._logic_cascade() == ""cone""；assert opts.mux_cascade == ""force"" and opts.logic_cascade == ""cone""；assert w._cascade_for(mux) == ""force""；assert w.sig_cascade_combo.isEnabled()；assert w._cascade_for(mux) == ""cone""；assert w._opts([""x""]).sig_cascade.get(mux.out_name.lower()) == ""cone""；assert w._cascade_for(mux) == ""force""；assert mux.out_name.lower() not in w._sig_cascade"
tests/test_mux_wl_gui.py::test_logic_signal_truth_table_uses_logic_cascade_not_mux,logic 信号真值表按 logic 级联渲染（上游 mux 展开成源寄存器）,C-223,tests/test_ui_diagnostics.py::test_c218_c219_c220_cascade_retired;tests/test_cross_boundary_mux_expand.py,删除·能力退役(C-223),"assert w._logic_cascade() == ""cone"" and w._mux_cascade() == ""force""；assert any(""lna_gain_ctrl_mode"" in b for b in bases), bases；assert any(""lna_gain_local"" in b for b in bases), bases；assert any(""linectrl_lna_gain"" in b for b in bases), bases；assert raw_net not in bases, bases；assert raw_net not in _ti_input_bases(w)；assert _ti_input_bases(w) == [raw_net]"
tests/test_mux_wl_gui.py::test_b2_mux_data_cell_editable_persist_reload,mux 数据行可手填 → 整表同步；控制行只读（v1 还落盘，v2 刻意改成会话档）,C-110;C-112,tests/test_ui_c3_integration.py::test_c110_c112_mux_data_value_end_to_end;tests/test_ui_dialogs.py::test_dlg_mux_data_c110_one_row_per_data_base;tests/test_ui_dialogs.py::test_dlg_mux_data_c110_typed_values_parse_eight_forms;tests/test_ui_dialogs.py::test_dlg_mux_data_c110_empty_means_back_to_auto;tests/test_ui_dialogs.py::test_dlg_mux_data_c110_bad_form_marks_red_and_keeps_open;tests/test_ui_dialogs.py::test_dlg_mux_data_c110_apply_to_goes_through_edits;tests/test_ui_truth_model.py::test_c110_c112_set_mux_data_value_syncs_whole_table_one_undo;tests/test_ui_truth_model.py::test_c110_set_mux_data_value_guards;tests/test_ui_truth_model.py::test_c294_paste_cannot_sneak_past_whole_table_mux_data;tests/test_ui_truth_panel.py::test_c110_mux_data_dialog_whole_table,删除·v2已覆盖,"assert grp is not None, ""没有任何 mux 组有可手填数据行""；assert dcell.flags() & QtCore.Qt.ItemIsEditable；assert w._mux_data.get(name_low, {}).get(base_low) == nv；assert any((b.get(""mux_data"") or {}).get(name_low, {}).get(base_low) == nv for b in saved.values()), saved；assert w2._mux_data.get(name_low, {}).get(base_low) == nv；assert not (w.ti_table.item(ctrl_rows[0], 0).flags() & QtCore.Qt.ItemIsEditable)"
tests/test_mux_wl_gui.py::test_mux_delete_column,mux 删列记签名 + build 同口径过滤,C-117,tests/test_ui_truth_model.py::test_c115_to_c123_mux_semantics,删除·v2已覆盖,assert sig0 in w._mux_dropped[mux.out_name.lower()]；assert len(w._ti_mux_vecs) == n0 - 1；assert sig0 in opts.mux_dropped[mux.out_name.lower()]；assert n_build == n0 - 1
tests/test_mux_wl_gui.py::test_mux_clear_and_regen,mux 一键清空=零用例；重新生成撤销恢复,C-118;C-119,tests/test_ui_truth_model.py::test_c115_to_c123_mux_semantics;tests/test_ui_truth_model.py::test_c085_regenerate_undo_restores_an_too,删除·v2已覆盖,"assert mux.out_name.lower() in w._mux_cleared；assert w._ti_mux_vecs == []；assert mux.out_name not in {st.get(""out_name"") for _l, st in res[""blocks""]}；assert mux.out_name.lower() not in w._mux_cleared；assert len(w._ti_mux_vecs) >= 2"
tests/test_mux_wl_gui.py::test_mux_regen_discards_all_customizations,mux 重新生成丢弃全部自定义,C-119,tests/test_ui_truth_model.py::test_c115_to_c123_mux_semantics;tests/test_ui_truth_model.py::test_c085_regenerate_undo_restores_an_too,删除·v2已覆盖,assert nl not in w._mux_dropped and nl not in w._mux_cleared；assert nl not in w._mux_neg and nl not in w._mux_expected
tests/test_mux_wl_gui.py::test_mux_drop_clear_persist_reopen,mux 删列+清空跨重开持久化,C-117;C-118;C-234,tests/test_ui_truth_model.py::test_c115_to_c123_mux_semantics;tests/test_ui_state.py::test_c234_load_restores_view_edits_and_checks,删除·v2已覆盖,"assert m_drop is not None；assert sig0 in w2._mux_dropped.get(m_drop.out_name.lower(), set())；assert m_clear.out_name.lower() in w2._mux_cleared"
tests/test_mux_wl_gui.py::test_mux_add_positive_user_col,mux 加正向列=克隆选中 case 成手编列并进 build,C-115,tests/test_ui_truth_model.py::test_c115_to_c123_mux_semantics,删除·v2已覆盖,"assert len(w._mux_user_vecs.get(nl, [])) == 1；assert uv.case_index is not None and not uv.is_negative and uv.name；assert len(w._ti_mux_vecs) == n0 + 1；assert w._ti_mux_user_start == n0；assert uv.name in ""\n"".join(blk[0])"
tests/test_mux_wl_gui.py::test_mux_user_col_data_editable_per_column,mux 手编列数据格只改本列、auto_out 按路由重算,C-111,tests/test_ui_truth_model.py::test_c111_mux_user_data_matches_edits;tests/test_ui_truth_panel.py::test_c111_context_set_mux_col_data,删除·v2已覆盖,"assert cell.flags() & QtCore.Qt.ItemIsEditable；assert uv.assignments.get(key) == newv；assert uv.exp_value == (uv.assignments.get(dk, 0) & ((1 << (grp.out_width or 1)) - 1))"
tests/test_mux_wl_gui.py::test_mux_copy_col_makes_user_col,mux 复制列克隆为唯一名手编列,C-116,tests/test_ui_truth_model.py::test_c115_to_c123_mux_semantics,删除·v2已覆盖,"assert len(w._mux_user_vecs.get(nl, [])) == 1；assert len(w._ti_mux_vecs) == n0 + 1；assert w._mux_user_vecs[nl][0].name"
tests/test_mux_wl_gui.py::test_mux_rename_user_col,mux 手编列可改名、自动列拒绝,C-120,tests/test_ui_truth_model.py::test_c115_to_c123_mux_semantics,删除·v2已覆盖,"assert w._mux_user_vecs[nl][0].name == ""MY_CASE""；assert seen[""info""]"
tests/test_mux_wl_gui.py::test_mux_add_neg_selected_and_del,mux 逐 case 加反例（_NEG）+ 删反例,C-121;C-123,tests/test_ui_truth_model.py::test_c115_to_c123_mux_semantics,删除·v2已覆盖,"assert len(negs) == 1 and len(w._ti_mux_vecs) == n0 + 1；assert W.test_label(w._ti_mux_vecs[-1]).endswith(""_NEG"")；assert blk[1][""n_negative""] >= 1；assert not [v for v in w._mux_user_vecs.get(nl, []) if v.is_negative]"
tests/test_mux_wl_gui.py::test_mux_add_neg_selected_dedup,mux 同一列重复加反例不叠,C-121,tests/test_ui_truth_model.py::test_c115_to_c123_mux_semantics,删除·v2已覆盖,"assert len([v for v in w._mux_user_vecs.get(nl, []) if v.is_negative]) == 1"
tests/test_mux_wl_gui.py::test_mux_user_vec_persist_reopen,mux 手编列跨重开持久化（含 case_index/name）,C-115;C-234,tests/test_ui_truth_model.py::test_c115_to_c123_mux_semantics;tests/test_ui_state.py::test_c234_load_restores_view_edits_and_checks,删除·v2已覆盖,assert len(restored) == 1 and restored[0].name == nm and restored[0].case_index == ci
tests/test_mux_wl_gui.py::test_mux_regen_drops_user_vecs,mux 重新生成清掉手编列,C-119,tests/test_ui_truth_model.py::test_c115_to_c123_mux_semantics;tests/test_ui_truth_model.py::test_c085_regenerate_undo_restores_an_too,删除·v2已覆盖,assert w._mux_user_vecs.get(nl)；assert nl not in w._mux_user_vecs
tests/test_mux_wl_gui.py::test_mux_user_vec_no_dup_on_reload,重载同一表不叠加手编列,C-237,tests/test_ui_state.py::test_c236_c237_switch_table_isolates_edits,删除·v2已覆盖,"assert len(w._mux_user_vecs[nl]) == 1；assert len(w._mux_user_vecs.get(nl, [])) == 1, ""重载不应叠加用户手编列"""
tests/test_mux_wl_gui.py::test_mux_user_neg_wrong_value_forced_mismatch,mux 反例错值==正确值时自动翻一位,C-105,tests/test_ui_truth_model.py::test_c105_mux_neg_wrong_value_flips_off_correct,删除·v2已覆盖,assert nvec.is_negative；assert nvec.neg_value != nvec.exp_value
tests/test_mux_wl_gui.py::test_mux_left_neg_indicator_reflects_user_neg,清单「反例」勾选反映逐 case 手编反例,C-023,tests/test_ui_migrated_c5a.py::test_c023_c122_left_neg_column_shows_in_grid_and_uncheck_removes_it;tests/test_ui_signal_list.py::test_c022_c023_check_and_neg_columns_write_state;tests/test_ui_state.py::test_set_neg_adds_one_and_reports_skipped,删除·v2已补强(test_c023_c122_left_neg_column_shows_in_grid_and_uncheck_removes_it),"assert w.table.item(r, G.COL_NEG).checkState() == QtCore.Qt.Checked"
tests/test_mux_wl_gui.py::test_mux_dft_gate_is_input_row,mux：iddq 门=真值表输入行、期望行下移仍可手填,C-128;C-126,tests/test_ui_truth_model.py::test_c079_c107_c129_roles_states_and_current_col;tests/test_ui_truth_model.py::test_c128_c129_c130_dft_gate_row_and_pitch_col;tests/test_ui_truth_panel.py::test_c124_c125_c126_mux_header_strip,删除·v2已覆盖,"assert w.ti_table.rowCount() == used_n + 3；assert grow == 1, [w.ti_table.verticalHeaderItem(r).text() for r in range(w.ti_table.rowCount())]；assert ""<名>"" in w.ti_table.verticalHeaderItem(grow).text()；assert w._ti_mux_exp_row == used_n + 2；assert w._ti_mux_vecs[0].designer_expected == 3；assert ""<名>"" in labels, labels；assert ""已列为输入行"" in w.ti_header.text(), w.ti_header.text()；assert it.text() == ""0"", (c, it.text())；assert not (it.flags() & QtCore.Qt.ItemIsEditable)"
tests/test_mux_wl_gui.py::test_mux_input_rows_follow_fortest_order,真值表输入行序与 for_test 同组行序一致,C-076,tests/test_ui_truth_model.py::test_c076_row_order_matches_for_test,删除·v2已覆盖,"assert vh[0].startswith(""<名>""), vh；assert ""d_sel"" in vh[1] and ""<名>"" in vh[2] and ""<名>"" in vh[3], vh；assert w.ti_table.item(0, 0).text() == ""0""；assert w._ti_mux_vecs[0].designer_expected == 1"
tests/test_mux_wl_gui.py::test_gui_include_risky_toggle,「缺前缀强制生成」开关 → 状态列改写 + build 不再跳过,C-217;C-041,tests/test_providers.py::test_c217_include_risky_param_default_true_bytes_equal;tests/test_providers.py::test_provider_status_detail_tiers_need_include_risky_and_probe_prefix;tests/test_topout.py::test_c217_include_risky_param_default_true_bytes_equal;tests/test_ui_diagnostics.py::test_c217_risky_toggle_default_true_and_warns_off;tests/test_ui_state.py::test_c217_include_risky_default_true;tests/test_ui_signal_list.py::test_c041_risky_generated_is_sixth_status_grade,删除·v2已覆盖,"assert not w.include_risky_chk.isChecked()；assert w._analysis[i][""status""] == ""needs-prefix""；assert w._analysis[i].get(""blocking"") is True；assert res0[""summary""][""n_mux_generated""] == 0；assert res0[""skipped""], ""默认应跳过并给原因""；assert w._resolver is resolver_before, ""include_risky 切换不应重建 Resolver(消除点击卡顿)""；assert w._analysis[i][""status""] == ""needs-prefix""；assert w._analysis[i].get(""blocking"") is False；assert ""已强制生成"" in w._analysis[i][""error""]；assert w.table.item(row, G.COL_STATUS).text() == ""⚠缺前缀·已强制生成""；assert res1[""summary""][""n_mux_generated""] == 1, res1[""skipped""]；assert ""d_g"" in txt"
tests/test_mux_wl_gui.py::test_logic_dft_gate_is_input_row,logic：dft 门作为输入行，R_AUTO/R_EXP 整体下移,C-128,tests/test_ui_truth_model.py::test_c079_c107_c129_roles_states_and_current_col;tests/test_ui_truth_model.py::test_c128_c129_c130_dft_gate_row_and_pitch_col,删除·v2已覆盖,"assert w.ti_table.rowCount() == gn + 3；assert grow == 0, [w.ti_table.verticalHeaderItem(r).text() for r in range(w.ti_table.rowCount())]；assert ""<名>"" in w.ti_table.verticalHeaderItem(grow).text()；assert w.R_AUTO == gn + 1 and w.R_EXP == gn + 2；assert w.ti_table.item(grow, 0).text() == ""0""；assert w._ti_rows[0].get(""designer_expected"") == 2"
tests/test_mux_wl_gui.py::test_mux_left_neg_shows_in_editor,清单勾反例 → 编辑器真值表出现 _NEG 列,C-023;C-122,tests/test_ui_migrated_c5a.py::test_c023_c122_left_neg_column_shows_in_grid_and_uncheck_removes_it;tests/test_ui_signal_list.py::test_c022_c023_check_and_neg_columns_write_state;tests/test_ui_state.py::test_set_neg_adds_one_and_reports_skipped;tests/test_ui_truth_model.py::test_c115_to_c123_mux_semantics;tests/test_ui_truth_panel.py::test_c101_c122_all_positive_negatives_share_one_path,删除·v2已补强(test_c023_c122_left_neg_column_shows_in_grid_and_uncheck_removes_it),"assert sum(1 for v in w._ti_mux_vecs if v.is_negative) == 0；assert grp.out_name.lower() in w._mux_neg；assert len(negs) == 1, ""勾负向后编辑器真值表应出现 1 条负向列""；assert len(w._ti_mux_vecs) == n0 + 1；assert G.W.test_label(w._ti_mux_vecs[-1]).endswith(""_NEG"")"
tests/test_mux_wl_gui.py::test_mux_left_neg_editor_matches_build,编辑器反例列数 == build 产出的 n_negative,C-132;C-139,tests/test_ui_sv_preview.py::test_c072_c132_dirty_on_edit_and_config;tests/test_ui_truth_model.py::test_c132_edit_roundtrip_matches_v1;tests/test_ui_truth_model.py::test_c132_dft_pitch_col_is_readonly_in_v2;tests/test_ui_truth_io.py::test_c139_mux_csv_matches_sv_vectors;tests/test_ui_truth_io.py::test_c139_mux_columns_fall_back_without_provider;tests/test_ui_truth_panel.py::test_c136_export_csv_passes_provider_edited_cov;tests/test_ui_truth_panel.py::test_c139_export_says_so_when_mux_product_missing,删除·v2已覆盖,assert n_editor_neg == n_build_neg == 1
tests/test_mux_wl_gui.py::test_mux_left_neg_column_readonly,全局反例列只读（v2 改为可编辑：反例就是一条普通列）,C-023,tests/test_ui_migrated_c5a.py::test_c023_c122_left_neg_column_shows_in_grid_and_uncheck_removes_it;tests/test_ui_signal_list.py::test_c022_c023_check_and_neg_columns_write_state;tests/test_ui_state.py::test_set_neg_adds_one_and_reports_skipped,删除·v2已补强(test_c023_c122_left_neg_column_shows_in_grid_and_uncheck_removes_it),"assert w._ti_mux_vecs[nc].is_negative；assert it is not None and not (it.flags() & QtCore.Qt.ItemIsEditable), r"
tests/test_mux_wl_gui.py::test_mux_left_neg_uncheck_removes_column,取消勾选反例 → 编辑器反例列即时消失,C-023,tests/test_ui_migrated_c5a.py::test_c023_c122_left_neg_column_shows_in_grid_and_uncheck_removes_it;tests/test_ui_signal_list.py::test_c022_c023_check_and_neg_columns_write_state;tests/test_ui_state.py::test_set_neg_adds_one_and_reports_skipped,删除·v2已补强(test_c023_c122_left_neg_column_shows_in_grid_and_uncheck_removes_it),"assert any(v.is_negative for v in w._ti_mux_vecs)；assert grp.out_name.lower() not in w._mux_neg；assert not any(v.is_negative for v in w._ti_mux_vecs), ""取消勾选后负向列应消失"""
tests/test_mux_wl_gui.py::test_mux_left_neg_dedup_with_user_neg,清单反例与逐 case 手编反例重叠只显 1 条,C-023;C-121,tests/test_ui_migrated_c5a.py::test_c023_c122_left_neg_column_shows_in_grid_and_uncheck_removes_it;tests/test_ui_signal_list.py::test_c022_c023_check_and_neg_columns_write_state;tests/test_ui_state.py::test_set_neg_adds_one_and_reports_skipped;tests/test_ui_truth_model.py::test_c115_to_c123_mux_semantics,删除·v2已补强(test_c023_c122_left_neg_column_shows_in_grid_and_uncheck_removes_it),"assert n_user_neg == 1；assert sum(1 for v in w._ti_mux_vecs if v.is_negative) == 1, ""重叠负向应去重""；assert n_build_neg == 1"
tests/test_mux_wl_gui.py::test_mux_left_neg_user_columns_still_editable,手编列仍可编辑、全局反例列边界正确,C-115;C-134,tests/test_ui_migrated_c5a.py::test_c023_c122_left_neg_column_shows_in_grid_and_uncheck_removes_it;tests/test_ui_truth_model.py::test_c115_to_c123_mux_semantics;tests/test_ui_truth_model.py::test_c134_editable_kind_empty_means_readonly;tests/test_ui_truth_panel.py::test_c134_c135_buttons_disabled_and_mux_tips,删除·v2已补强(test_c023_c122_left_neg_column_shows_in_grid_and_uncheck_removes_it),"assert w._ti_mux_user_start == ustart；assert w._ti_mux_user_end == len(w._ti_mux_vecs) - 1；assert w._ti_mux_vecs[-1].is_negative；assert uit.flags() & QtCore.Qt.ItemIsEditable, ""用户列数据格应仍可编辑"""
